ID,SITUACAO,LOJA,PEDIDO,VALOR DO PEDIDO,CIDADE,LOGISTICA,DATA,ENTRADA,VENDEDOR,TRANFERENCIA,FATURAMENTO,DATA/HORA FATURAMENTO,,RESPONSAVEL,SAIDA,ENTREGUE DATA,ENTREGUE HORA,PEDIDOS PARA ENTREGAR: 696,PGT ENTREGA?,OBSERVAÇÃO,VEÍCULO,RECOLHEU,HORA RECOLHIDA
3236,RETIRADA,HC,12608278,"R$ 412,00",CRATEUS,ENTREGUE,01/08/26,07:59:00,LEONARDO,Transferido,Faturado,01/08/2026 08:02:35,,,,,,,,,,,
3237,URGENTE,HC,12608283,"R$ 91,60",CRATEUS,ENTREGUE,01/08/26,08:26:00,LEONARDO,Transferido,Faturado,01/08/2026 08:29:35,,,,01/08/26,09:50,,,,,,
3238,URGENTE,HC,12608281,"R$ 3.758,40",CRATEUS,ENTREGUE,01/08/26,08:48:00,NOBRE LAR,Transferido,Faturado,01/08/2026 08:47:14,,,,,,,,,,,
3239,NORMAL,HC,12608288,"R$ 1.328,97",CRATEUS,ENTREGUE,01/08/26,09:19:00,MASCILON,Transferido,Faturado,01/08/2026 11:20:35,,,,03/08/26,11:13,,,,,,
3240,URGENTE,HC,12608293,"R$ 176,70",CRATEUS,ENTREGUE,01/08/26,09:45:00,MASCILON,Transferido,Faturado,01/08/2026 09:50:23,,,,,,,,,,,
3241,RETIRADA,HC,12608296,"R$ 196,00",CRATEUS,ENTREGUE,01/08/26,09:59:00,LIMA,Transferido,Faturado,01/08/2026 10:03:10,,,,,,,,,,,
3242,URGENTE,HC,12608304,"R$ 698,00",CRATEUS,ENTREGUE,01/08/26,10:49:00,CAMILA,Transferido,Faturado,01/08/2026 10:49:21,,,,,,,,,,,
3243,RETIRADA,NLC,8507035,"R$ 47,77",SANTANA,ENTREGUE,01/08/26,10:57:00,GEISI,Transferido,Faturado,01/08/2026 10:58:51,,,,,,,,,,,
3244,URGENTE,HC,12608317,"R$ 128,00",CRATEUS,ENTREGUE,01/08/26,11:39:00,LIMA,Transferido,Faturado,01/08/2026 11:42:31,,,,,,,,,,,
3245,NORMAL,HC,12608319,"R$ 1.172,50",CRATEUS,ENTREGUE,01/08/26,11:56:00,CAMILA,Transferido,Faturado,01/08/2026 11:59:36,,,,,,,,,,,
3246,RETIRADA,HC,12608328,"R$ 59,75",CRATEUS,ENTREGUE,01/08/26,12:41:00,LIMA,Transferido,Faturado,01/08/2026 12:41:24,,,,,,,,,,,
3247,CARRO HORARIO,NLC,8507037,"R$ 142,00",CRATEUS,ENTREGUE,03/08/26,07:47:00,GEISI,Transferido,Faturado,03/08/2026 09:22:28,,,,,,,,,,,
3248,URGENTE,NLC,8507042,"R$ 109,80",CRATEUS,ENTREGUE,03/08/26,08:47:00,GEISI,Transferido,Faturado,03/08/2026 10:23:28,,,,,,,,,,,
3249,URGENTE,HC,12608337,"R$ 572,00",CRATEUS,ENTREGUE,03/08/26,09:04:00,MASCILON,Transferido,Faturado,03/08/2026 09:08:31,,,,03/08/26,10:58,,,,,,
3250,NORMAL,HC,12608634,"R$ 1.122,50",CRATEUS,ENTREGUE,03/08/26,09:09:00,CAMILA,Transferido,Faturado,03/08/2026 09:10:22,,,,,,,,,,,
3251,NORMAL,HC,12608335,"R$ 806,74",CRATEUS,ENTREGUE,03/08/26,09:18:00,LIMA,Transferido,Faturado,03/08/2026 10:20:00,,,,04/08/26,09:37,,,,,,
3252,NORMAL,HC,12608359,"R$ 45,00",CRATEUS,ENTREGUE,03/08/26,10:16:00,LIMA,Transferido,Faturado,03/08/2026 10:16:53,,,,04/08/26,09:37,,,,,,
3253,URGENTE,HC,12608361,"R$ 810,00",CRATEUS,ENTREGUE,03/08/26,10:49:00,LEONARDO,Transferido,Faturado,03/08/2026 10:49:30,,,,03/08/26,16:47,,,,,,
3254,NORMAL,HC,12608360,"R$ 1.457,80",CRATEUS,ENTREGUE,03/08/26,10:52:00,MASCILON,Transferido,Faturado,03/08/2026 10:52:48,,,,04/08/26,11:46,,,,,,
3255,URGENTE,NLC,8507053,"R$ 73,70",CRATEUS,ENTREGUE,03/08/26,11:42:00,GEISI,Transferido,Faturado,03/08/2026 16:05:00,,,,,,,,,,,
3256,RETIRADA,HC,12608357,"R$ 6.455,60",BURITI DOS MONTES,ENTREGUE,03/08/26,11:47:00,LIMA,Transferido,Faturado,03/08/2026 16:32:55,,,,,,,,,,,
3257,URGENTE,SGE,035763,"R$ 42,90",CRATEUS,ENTREGUE,03/08/26,11:45:00,LEONARDO,Transferido,Faturado,03/08/2026 11:46:05,,,,,,,,,,,
3258,RETIRADA,HC,12608374,"R$ 219,96",JATOBA DOS UMBELINOS,ENTREGUE,03/08/26,12:06:00,LIMA,Transferido,Faturado,03/08/2026 12:11:36,,,,,,,,,,,
3259,URGENTE,HC,12608365,"R$ 956,00",CRATEUS,ENTREGUE,03/08/26,12:14:00,MASCILON,Transferido,Faturado,03/08/2026 12:14:22,,,,,,,,,,,
3260,NORMAL,NLC,8507049,"R$ 516,01",NOVO ORIENTE,ENTREGUE,03/08/26,12:21:00,GEISI,Transferido,Faturado,03/08/2026 12:22:39,,,,,,,,,,,
3261,NORMAL,HC,12608372,"R$ 1.409,40",CRATEUS,ENTREGUE,03/08/26,13:20:00,NOBRE LAR,Transferido,Faturado,03/08/2026 13:20:36,,,,,,,,,,,
3262,RETIRADA,HC,12608385,"R$ 184,50",CRATEUS,ENTREGUE,03/08/26,13:12:00,MASCILON,Transferido,Faturado,03/08/2026 13:55:19,,,,,,,,,,,
3263,URGENTE,HC,12608400,"R$ 269,55",CRATEUS,ENTREGUE,03/08/26,16:46:00,LEONARDO,Transferido,Faturado,03/08/2026 16:46:31,,,,04/08/26,10:07,,,,,,
3264,URGENTE,HC,12608352,"R$ 2.484,91",CRATEUS,ENTREGUE,03/08/26,16:55:00,MASCILON,Transferido,Faturado,03/08/2026 16:55:13,,,,,,,,,,,
3265,NORMAL,NLC,8507062,"R$ 49,99",ROSARIO,ENTREGUE,03/08/26,17:09:00,GEISI,Transferido,Faturado,03/08/2026 17:09:34,,,,,,,,,,,
3266,NORMAL,NLC,8507059,"R$ 1.105,20",SUCESSO,ENTREGUE,03/08/26,17:15:00,GEISI,Transferido,Faturado,04/08/2026 07:25:00,,JULIO,,17/08/26,10:55,,,,KIA BONGO,,
3267,NORMAL,HC,12608409,"R$ 57,90",CRATEUS,ENTREGUE,03/08/26,17:16:00,LIMA,Transferido,Faturado,03/08/2026 17:16:55,,,,,,,,,,,
3268,URGENTE,HC,12608428,"R$ 50,00",SAO GONCALO,ENTREGUE,04/08/26,08:13:00,LEONARDO,Transferido,Faturado,04/08/2026 08:13:54,,,,,,,,,,,
3269,URGENTE,NLC,8507063,"R$ 1.346,45",CRATEUS,ENTREGUE,04/08/26,08:23:00,GEISI,Transferido,Faturado,04/08/2026 09:21:24,,,,04/08/26,11:55,,,,,,
3270,URGENTE,HC,12608435,"R$ 99,98",CRATEUS,ENTREGUE,04/08/26,08:39:00,LIMA,Transferido,Faturado,04/08/2026 08:43:00,,,,04/08/26,16:20,,,,,,
3271,NORMAL,HC,12608439,"R$ 3.758,40",CRATEUS,ENTREGUE,04/08/26,08:51:00,NOBRE LAR,Transferido,Faturado,04/08/2026 08:51:58,,,,,,,,,,,
3272,NORMAL,HC,12608438,"R$ 116,60",CRATEUS,ENTREGUE,04/08/26,05:53:00,LIMA,Transferido,Faturado,04/08/2026 08:53:55,,,,04/08/26,10:17,,,,,,
3273,CARRO HORARIO,HC,12608347,"R$ 595,82",LAGOA DAS PEDRAS,ENTREGUE,04/08/26,08:57:00,MASCILON,Transferido,Faturado,04/08/2026 08:57:47,,,,04/08/26,12:12,,,,,,
3274,RETIRADA,HC,12608431,"R$ 466,69",CRATEUS,ENTREGUE,04/08/26,08:58:00,MASCILON,Transferido,Faturado,04/08/2026 08:58:54,,,,,,,,,,,
3275,URGENTE,HC,12608216,"R$ 239,00",CRATEUS,ENTREGUE,04/08/26,09:01:00,MASCILON,Transferido,Faturado,04/08/2026 09:02:16,,,,04/08/26,09:41,,,,,,
3276,NORMAL,SGE,035766,"R$ 109,00",CRATEUS,ENTREGUE,04/08/26,09:10:00,CAMILA,Transferido,Faturado,04/08/2026 09:12:14,,,,,,,,,,,
3277,RETIRADA,HC,12608449,"R$ 72,45",CRATEUS,ENTREGUE,04/08/26,09:54:00,LEONARDO,Transferido,Faturado,04/08/2026 09:57:52,,,,,,,,,,,
3278,CARRO HORARIO,HC,12608450,"R$ 73,00",CRATEUS,ENTREGUE,04/08/26,10:07:00,MASCILON,Transferido,Faturado,04/08/2026 10:07:56,,,,,,,,,,,
3279,NORMAL,HC,12608454,"R$ 927,99",INDEPENDENCIA,ENTREGUE,04/08/26,10:20:00,CAMILA,Transferido,Faturado,04/08/2026 10:20:14,,VICTOR,,20/08/26,12:32,,,,(N) ACELLO 815 156 CV,,
3280,RETIRADA,HC,12608458,"R$ 125,00",CRATEUS,ENTREGUE,04/08/26,10:32:00,CAMILA,Transferido,Faturado,04/08/2026 10:32:37,,,,,,,,,,,
3281,RETIRADA,HC,12608471,"R$ 125,00",CRATEUS,ENTREGUE,04/08/26,11:19:00,CAMILA,Transferido,Faturado,04/08/2026 11:19:14,,,,,,,,,,,
3282,URGENTE,HC,12608468,"R$ 269,20",CRATEUS,ENTREGUE,04/08/26,11:21:00,MASCILON,Transferido,Faturado,04/08/2026 11:24:31,,,,,,,,,,,
3283,NORMAL,HC,12608467,"R$ 886,88",NOVO ORIENTE,ENTREGUE,04/08/26,12:46:00,MASCILON,Transferido,Faturado,04/08/2026 12:46:49,,,,,,,,,,,
3284,NORMAL,HC,12608479,"R$ 4.040,80",CRATEUS,ENTREGUE,04/08/26,13:13:00,CAMILA,Transferido,Faturado,04/08/2026 13:14:12,,,,05/08/26,14:59,,,,,,
3285,NORMAL,HC,12608432,"R$ 190,50",CRATEUS,ENTREGUE,04/08/26,13:33:00,CAMILA,Transferido,Faturado,04/08/2026 13:36:03,,,,04/08/26,16:32,,,,,,
3286,RETIRADA,HC,12608488,"R$ 1.270,00",NOVO ORIENTE,ENTREGUE,04/08/26,14:01:00,CAMILA,Transferido,Faturado,04/08/2026 15:18:28,,,,,,,,,,,
3287,URGENTE,HC,12608489,"R$ 1.172,50",CRATEUS,ENTREGUE,04/08/26,14:13:00,CAMILA,Transferido,Faturado,04/08/2026 14:16:46,,,,,,,,,,,
3288,RETIRADA,HC,12608491,"R$ 423,30",CRATEUS,ENTREGUE,04/08/26,14:34:00,LEONARDO,Transferido,Faturado,04/08/2026 14:40:54,,,,,,,,,,,
3289,RETIRADA,HC,12608494,"R$ 262,37",CRATEUS,ENTREGUE,04/08/26,09:07:12,CAMILA,Transferido,Faturado,04/08/2026 14:41:50,,,,,,,,,,,
3290,URGENTE,NLC,8507075,"R$ 474,90",CRATEUS,ENTREGUE,04/08/26,14:47:00,GEISI,Transferido,Faturado,04/08/2026 15:37:48,,,,,,,,,,,
3291,URGENTE,HC,12608495,"R$ 1.172,50",CRATEUS,ENTREGUE,04/08/26,14:46:00,CAMILA,Transferido,Faturado,04/08/2026 14:49:36,,,,,,,,,,,
3292,NORMAL,HC,12608498,"R$ 235,40",CRATEUS,ENTREGUE,04/08/26,15:12:00,CAMILA,Transferido,Faturado,04/08/2026 15:15:12,,,,04/08/26,16:33,,,,,,
3293,NORMAL,NLC,8507028,"R$ 3.112,00",NOVA RUSSAS,ENTREGUE,04/08/26,15:25:00,GEISI,Transferido,Faturado,04/08/2026 15:25:27,,,,05/08/26,11:51,,,,,,
3294,RETIRADA,HC,12608501,"R$ 120,00",CRATEUS,ENTREGUE,04/08/26,15:53:00,LEONARDO,Transferido,Faturado,04/08/2026 15:53:37,,,,,,,,,,,
3295,NORMAL,NLC,8507076,"R$ 8.080,00",REALEJO,ENTREGUE,04/08/26,16:10:00,GEISI,Transferido,Faturado,04/08/2026 17:28:27,,VICTOR,,13/08/26,09:31,,,,(N) ACELLO 815 156 CV,,
3296,NORMAL,HC,12608502,"R$ 391,64",CRATEUS,ENTREGUE,04/08/26,16:10:00,CAMILA,Transferido,Faturado,04/08/2026 16:11:11,,,,,,,,,,,
3297,RETIRADA,NLC,8507077,"R$ 2.615,00",BURITI DOS MONTES,ENTREGUE,04/08/26,16:22:00,GEISI,Transferido,Faturado,04/08/2026 17:14:14,,,,,,,,,,,
3298,URGENTE,HC,12608507,"R$ 894,00",CRATEUS,ENTREGUE,04/08/26,16:27:00,CAMILA,Transferido,Faturado,04/08/2026 16:30:49,,,,,,,,,,,
3299,NORMAL,HC,12608512,"R$ 715,00",BURITI DOS MONTES,ENTREGUE,04/08/26,17:25:00,CAMILA,Transferido,Faturado,04/08/2026 17:26:06,,VICTOR,,25/08/26,10:28,,,,(N) ACELLO 815 156 CV,,
3300,NORMAL,HC,12608518,"R$ 733,24",CRATEUS,ENTREGUE,04/08/26,17:54:00,MASCILON,Transferido,Faturado,04/08/2026 17:57:21,,,,,,,,,,,
3301,NORMAL,HC,12608477,"R$ 4.700,00",CRATEUS,AGENDADA,04/08/26,17:55:00,MASCILON,Transferido,Faturado,04/08/2026 17:58:36,,,,,,,,,,,
3302,NORMAL,HC,12608521,"R$ 999,00",TAMBORIL,ENTREGUE,05/08/26,07:39:00,LIMA,Transferido,Faturado,05/08/2026 07:41:50,,JULIO,,26/08/26,11:04,,,,KIA BONGO,,
3303,RETIRADA,HC,12608525,"R$ 317,00",TAMBORIL,ENTREGUE,05/08/26,07:47:00,CAMILA,Transferido,Faturado,05/08/2026 07:47:46,,,,,,,,,,,
3304,URGENTE,HC,12608533,"R$ 80,00",CRATEUS,ENTREGUE,05/08/26,08:43:00,MASCILON,Transferido,Faturado,05/08/2026 08:43:48,,PAULO FELIPE,,05/08/26,10:15,,,,TITAN 160 START,,
3305,NORMAL,HC,12608536,"R$ 3.758,40",CRATEUS,ENTREGUE,05/08/26,09:03:00,NOBRE LAR,Transferido,Faturado,05/08/2026 09:03:29,,,,,,,,,,,
3306,RETIRADA,HC,12608545,"R$ 184,50",CRATEUS,ENTREGUE,05/08/26,09:48:00,CAMILA,Transferido,Faturado,05/08/2026 09:48:27,,,,,,,,,,,
3307,URGENTE,HC,12608544,"R$ 1.277,00",CRATEUS,ENTREGUE,05/08/26,09:58:00,LEONARDO,Transferido,Faturado,05/08/2026 10:01:54,,,,,,,,,,,
3308,URGENTE,NLC,8507088,"R$ 495,80",CRATEUS,ENTREGUE,05/08/26,10:27:00,GEISI,Transferido,Faturado,05/08/2026 10:51:51,,PAULO FELIPE,,05/08/26,11:15,,,,TITAN 160 START,,
3309,RETIRADA,HC,12608552,"R$ 196,44",CRATEUS,ENTREGUE,05/08/26,10:38:00,CAMILA,Transferido,Faturado,05/08/2026 10:38:36,,,,,,,,,,,
3310,NORMAL,HC,12608550,"R$ 2.000,00",CRATEUS,ENTREGUE,05/08/26,11:03:00,MASCILON,Transferido,Faturado,05/08/2026 11:04:04,,,,,,,,,,,
3311,URGENTE,HC,12608555,"R$ 291,90",CRATEUS,ENTREGUE,05/08/26,11:13:00,LIMA,Transferido,Faturado,05/08/2026 11:13:27,,,,,,,,,,,
3312,RETIRADA,SGE,035767,"R$ 50,00",CRATEUS,ENTREGUE,05/08/26,11:15:00,MASCILON,Transferido,Faturado,05/08/2026 11:16:05,,,,,,,,,,,
3313,RETIRADA,HC,12608564,"R$ 357,42",CRATEUS,ENTREGUE,05/08/26,12:00:00,LIMA,Transferido,Faturado,05/08/2026 12:00:27,,,,,,,,,,,
3314,NORMAL,HC,12608559,"R$ 3.224,28",CRATEUS,AGENDADA,05/08/26,12:08:00,MASCILON,Transferido,Faturado,05/08/2026 12:10:12,,,,,,,,,,,
3315,NORMAL,HC,12608571,"R$ 235,50",NOVO ORIENTE,ENTREGUE,05/08/26,12:47:00,MASCILON,Transferido,Faturado,05/08/2026 12:48:33,,VICTOR,,18/08/26,14:02,,,,(N) ACELLO 815 156 CV,,
3316,PROGRAMADO,NLC,8507093,"R$ 1.339,38",CRATEUS,ENTREGUE,05/08/26,12:59:00,GEISI,Transferido,Faturado,05/08/2026 16:18:15,,,,07/08/26,16:51,,,,,,
3317,NORMAL,NLC,8507085,"R$ 5.161,40",CRATEUS,ENTREGUE,05/08/26,13:00:00,GEISI,Transferido,Faturado,05/08/2026 16:18:21,,,,,,,,,,,
3318,NORMAL,HC,12608373,"R$ 108,50",CRATEUS,ENTREGUE,05/08/26,13:05:00,MASCILON,Transferido,Faturado,05/08/2026 13:05:48,,,,,,,,,,,
3319,RETIRADA,HC,12608576,"R$ 140,00",CRATEUS,ENTREGUE,05/08/26,13:55:00,CAMILA,Transferido,Faturado,05/08/2026 13:59:02,,,,,,,,,,,
3320,NORMAL,HC,12608587,"R$ 307,00",CRATEUS,ENTREGUE,05/08/26,14:48:00,LEONARDO,Transferido,Faturado,05/08/2026 14:51:25,,,,,,,,,,,
3321,NORMAL,HC,12608592,"R$ 49,99",CRATEUS,ENTREGUE,05/08/26,14:58:00,CAMILA,Transferido,Faturado,05/08/2026 17:45:52,,,,,,,,,,,
3322,RETIRADA,HC,12608591,"R$ 594,69",CRATEUS,ENTREGUE,05/08/26,15:00:00,LEONARDO,Transferido,Faturado,05/08/2026 15:04:04,,,,,,,,,,,
3323,RETIRADA,HC,12608594,"R$ 870,00",BURITI DOS MONTES,ENTREGUE,05/08/26,15:08:00,LEONARDO,Transferido,Faturado,05/08/2026 15:11:33,,,,,,,,,,,
3324,RETIRADA,HC,12608601,"R$ 184,50",CRATEUS,ENTREGUE,05/08/26,16:05:00,CAMILA,Transferido,Faturado,05/08/2026 16:05:59,,,,,,,,,,,
3325,NORMAL,HC,12608399,"R$ 1.841,40",CRATEUS,ENTREGUE,05/08/26,16:56:00,LEONARDO,Transferido,Faturado,05/08/2026 16:59:33,,DADA,10:30:00,06/08/26,11:10,,,,HR 100 CV,,
3326,PROGRAMADO,HC,12608612,"R$ 1.499,10",CRATEUS,ENTREGUE,05/08/26,17:09:00,LEONARDO,Transferido,Faturado,05/08/2026 17:09:34,,JULIO,,12/08/26,09:12,,,,KIA BONGO,,
3327,URGENTE,HC,12608608,"R$ 2.345,00",CRATEUS,ENTREGUE,05/08/26,17:15:00,CAMILA,Transferido,Faturado,05/08/2026 17:18:41,,,,,,,,,,,
3328,URGENTE,HC,12608615,"R$ 488,00",CRATEUS,ENTREGUE,05/08/26,17:20:00,MASCILON,Transferido,Faturado,05/08/2026 17:19:15,,,,,,,,,,,
3329,URGENTE,HC,12608614,"R$ 938,00",CRATEUS,ENTREGUE,05/08/26,17:17:00,CAMILA,Transferido,Faturado,05/08/2026 17:20:40,,,,,,,,,,,
3330,NORMAL,HC,12608531,"R$ 1.586,00",CRATEUS,ENTREGUE,05/08/26,17:59:00,MASCILON,Transferido,Faturado,05/08/2026 18:00:08,,JULIO,15:25:00,06/08/26,15:42,,,,KIA BONGO,,
3331,NORMAL,HC,12608632,"R$ 491,20",CRATEUS,ENTREGUE,06/08/26,08:27:00,LIMA,Transferido,Faturado,06/08/2026 08:28:03,,,,,,,,,,,
3332,URGENTE,HC,12608631,"R$ 132,90",CRATEUS,ENTREGUE,06/08/26,08:40:00,MASCILON,Transferido,Faturado,06/08/2026 08:41:10,,,,,,,,,,,
3333,CARRO HORARIO,HC,12608636,"R$ 124,90",CRATEUS,ENTREGUE,06/08/26,08:41:00,CAMILA,Transferido,Faturado,06/08/2026 08:41:55,,,,,,,,,,,
3334,CARRO HORARIO,NLC,8507098,"R$ 385,70",CRATEUS,ENTREGUE,06/08/26,00:00:00,GEISI,Transferido,Faturado,06/08/2026 09:36:31,,,,,,,,,,,
3335,RETIRADA,HC,12608637,"R$ 247,00",CRATEUS,ENTREGUE,06/08/26,00:00:00,CAMILA,Transferido,Faturado,06/08/2026 08:57:48,,,,,,,,,,,
3336,CARRO HORARIO,NLC,8507100,"R$ 256,00",CRATEUS,ENTREGUE,06/08/26,09:05:00,GEISI,Transferido,Faturado,06/08/2026 10:22:03,,PAULO FELIPE,,06/08/26,10:26,,,,TITAN 160 START,,
3337,NORMAL,NLC,8507099,"R$ 300,00",CRATEUS,ENTREGUE,06/08/26,09:09:00,GEISI,Transferido,Faturado,06/08/2026 12:23:15,,,,,,,,,,,
3338,NORMAL,NLC,8507102,"R$ 264,89",CRATEUS,ENTREGUE,06/08/26,09:16:00,GEISI,Transferido,Faturado,06/08/2026 10:27:09,,JULIO,,06/08/26,16:21,,,,KIA BONGO,,
3339,NORMAL,HC,12608643,"R$ 666,00",BURITI DOS MONTES,ENTREGUE,06/08/26,09:25:00,MASCILON,Transferido,Faturado,06/08/2026 09:28:26,,,,,,,,,,,
3340,URGENTE,NLC,8507097,"R$ 229,00",CRATEUS,ENTREGUE,06/08/26,09:45:00,GEISI,Transferido,Faturado,06/08/2026 12:23:29,,,,,,,,,,,
3341,NORMAL,HC,12608649,"R$ 44,70",BURITI DOS MONTES,ENTREGUE,06/08/26,09:55:00,MASCILON,Transferido,Faturado,06/08/2026 09:55:55,,,,,,,,,,,
3342,NORMAL,HC,12608645,"R$ 1.493,00",CRATEUS,ENTREGUE,06/08/26,09:57:00,LIMA,Transferido,Faturado,06/08/2026 09:57:20,,,,,,,,,,,
3343,RETIRADA,HC,12608642,"R$ 184,50",CRATEUS,ENTREGUE,06/08/26,10:34:00,CAMILA,Transferido,Faturado,06/08/2026 10:34:42,,,,,,,,,,,
3344,NORMAL,NLC,8507103,"R$ 4.352,14",CRATEUS,ENTREGUE,06/08/26,10:42:00,GEISI,Transferido,Faturado,06/08/2026 15:50:59,,JULIO,,17/08/26,15:02,,,,KIA BONGO,ZEZINHO,08/08/2026 09:42:40
3345,PROGRAMADO,HC,12608543,"R$ 11.218,46",CRATEUS,ENTREGUE,06/08/26,10:39:00,LIMA,Transferido,Faturado,06/08/2026 10:43:17,,VICTOR,,10/08/26,10:25,,,,(N) ACELLO 815 156 CV,,
3346,PROGRAMADO,HC,12608651,"R$ 5.268,97",CRATEUS,ENTREGUE,06/08/26,10:46:00,MASCILON,Transferido,Faturado,06/08/2026 10:46:36,,VICTOR,,10/08/26,11:13,,,,(N) ACELLO 815 156 CV,,
3347,RETIRADA,HC,12608663,"R$ 155,94",CRATEUS,ENTREGUE,06/08/26,11:22:00,MASCILON,Transferido,Faturado,06/08/2026 11:22:35,,,,,,,,,,,
3348,NORMAL,HC,12608662,"R$ 346,00",CRATEUS,ENTREGUE,06/08/26,11:23:00,CAMILA,Transferido,Faturado,06/08/2026 11:23:48,,JULIO,15:15:00,06/08/26,15:34,,,,,,
3349,RETIRADA,HC,12.608570,"R$ 683,76",IPAPORANGA,RETIRADA,06/08/26,12:19:00,MASCILON,Pendente,Pendente,,,,,,,,,,,,
3350,RETIRADA,HC,12608670,"R$ 965,14",CRATEUS,ENTREGUE,06/08/26,12:16:00,MASCILON,Transferido,Faturado,06/08/2026 12:16:55,,,,,,,,,,,
3351,NORMAL,HC,12608673,"R$ 3.660,00",NOVA RUSSAS,ENTREGUE,06/08/26,12:42:00,LIMA,Transferido,Faturado,06/08/2026 12:42:44,,,,07/08/26,13:06,,,,,,
3352,NORMAL,HC,12608676,"R$ 1.960,00",MONTE NEBO,ENTREGUE,06/08/26,12:48:00,CAMILA,Transferido,Faturado,06/08/2026 12:48:15,,VICTOR,,13/08/26,12:23,,,,(N) ACELLO 815 156 CV,ZEZINHO,07/08/2026 09:05:47
3353,NORMAL,HC,12608679,"R$ 498,00",CRATEUS,ENTREGUE,06/08/26,13:53:00,LEONARDO,Transferido,Faturado,06/08/2026 13:57:10,,,,07/08/26,09:51,,,,,ZEZINHO,07/08/2026 09:05:57
3354,NORMAL,HC,12608683,"R$ 1.500,00",CRATEUS,ENTREGUE,06/08/26,01:55:12,MASCILON,Transferido,Faturado,06/08/2026 14:11:36,,JULIO,15:00:00,06/08/26,16:14,,,,KIA BONGO,ZEZINHO,07/08/2026 09:06:02
3355,URGENTE,HC,12608690,"R$ 825,00",CRATEUS,ENTREGUE,06/08/26,14:27:00,MASCILON,Transferido,Faturado,06/08/2026 14:30:49,,JULIO,15:00:00,06/08/26,15:18,,,,KIA BONGO,ZEZINHO,07/08/2026 09:04:58
3356,NORMAL,NLC,8507108,"R$ 3.110,00",IPAPORANGA,ENTREGUE,06/08/26,14:29:00,GEISI,Transferido,Faturado,06/08/2026 14:29:40,,VICTOR,,11/08/26,14:30,,,,(N) ACELLO 815 156 CV,,
3357,NORMAL,HC,12608689,"R$ 562,05",CRATEUS,ENTREGUE,06/08/26,14:31:00,MASCILON,Transferido,Faturado,06/08/2026 17:28:44,,,,07/08/26,12:01,,,,,ZEZINHO,07/08/2026 09:05:37
3358,CARRO HORARIO,NLC,8507110,"R$ 535,00",BURITI DOS MONTES,ENTREGUE,06/08/26,15:19:00,GEISI,Transferido,Faturado,07/08/2026 07:44:09,,,,,,,,,,,
3359,NORMAL,HC,12608698,"R$ 250,00",CRATEUS,ENTREGUE,06/08/26,15:32:00,LEONARDO,Transferido,Faturado,06/08/2026 15:33:05,,,,,,,,,,ZEZINHO,07/08/2026 09:04:25
3360,NORMAL,HC,12608695,"R$ 429,90",CRATEUS,ENTREGUE,06/08/26,15:34:00,LEONARDO,Transferido,Faturado,06/08/2026 15:35:10,,,,,,,,,,ZEZINHO,07/08/2026 09:06:18
3361,RETIRADA,HC,12608703,"R$ 46,55",CRATEUS,ENTREGUE,06/08/26,15:56:00,LEONARDO,Transferido,Faturado,06/08/2026 15:56:58,,,,,,,,,,,
3362,RETIRADA,HC,12608712,"R$ 18,54",CRATEUS,ENTREGUE,06/08/26,16:59:00,LEONARDO,Transferido,Faturado,06/08/2026 16:59:22,,,,,,,,,,,
3363,NORMAL,HC,12608715,"R$ 44,70",BURITI DOS MONTES,ENTREGUE,06/08/26,17:47:00,MASCILON,Transferido,Faturado,06/08/2026 17:47:38,,,,,,,,,,,
3364,URGENTE,HC,12608717,"R$ 829,10",CRATEUS,ENTREGUE,06/08/26,17:56:00,LEONARDO,Transferido,Faturado,07/08/2026 12:49:55,,,,08/08/26,09:04,,,,,FELIPE,11/08/2026 10:51:25
3365,NORMAL,HC,12608693,"R$ 746,25",CRATEUS,ENTREGUE,06/08/26,07:27:00,MASCILON,Transferido,Faturado,07/08/2026 07:30:33,,,,07/08/26,11:33,,,,,ZEZINHO,07/08/2026 09:01:32
3366,TOPIQUE,HC,12608725,"R$ 158,00",TAMBORIL,ENTREGUE,06/08/26,07:53:00,CAMILA,Transferido,Faturado,07/08/2026 07:53:31,,,,,,,,,,ZEZINHO,07/08/2026 09:01:22
3367,CARRO HORARIO,NLC,8507116,"R$ 260,54",CRATEUS,ENTREGUE,06/08/26,08:12:00,GEISI,Transferido,Faturado,08/08/2026 10:54:00,,,,,,,,,,,
3368,RETIRADA,HC,12608728,"R$ 62,55",CRATEUS,ENTREGUE,06/08/26,08:12:00,MASCILON,Transferido,Faturado,07/08/2026 08:16:02,,,,,,,,,,,
3369,NORMAL,HC,12608730,"R$ 221,30",CRATEUS,ENTREGUE,07/08/26,08:26:00,LIMA,Transferido,Faturado,07/08/2026 08:26:43,,,,,,,,,,FELIPE,11/08/2026 10:47:26
3370,RETIRADA,NLC,8507117,"R$ 484,80",CRATEUS,ENTREGUE,07/08/26,08:31:00,GEISI,Transferido,Faturado,07/08/2026 13:20:54,,,,,,,,,,,
3371,NORMAL,HC,12608731,"R$ 1.320,66",CRATEUS,ENTREGUE,07/08/26,08:33:00,LEONARDO,Transferido,Faturado,07/08/2026 08:37:00,,,,,,,,,,FELIPE,11/08/2026 10:47:48
3372,RETIRADA,HC,12608738,"R$ 666,54",CRATEUS,ENTREGUE,07/08/26,09:19:00,MASCILON,Transferido,Faturado,07/08/2026 09:19:40,,,,,,,,,,FELIPE,11/08/2026 10:45:04
3373,CARRO HORARIO,NLC,8507119,"R$ 232,70",CRATEUS,ENTREGUE,07/08/26,09:29:00,GEISI,Transferido,Faturado,07/08/2026 10:11:58,,PAULO FELIPE,,07/08/26,11:12,,,,TITAN 160 START,,
3374,URGENTE,NLC,8507120,"R$ 634,90",CRATEUS,ENTREGUE,07/08/26,09:52:00,GEISI,Transferido,Faturado,07/08/2026 11:35:47,,,,07/08/26,17:24,,,,,,
3375,URGENTE,HC,12608743,"R$ 229,00",CRATEUS,ENTREGUE,07/08/26,09:59:00,LEONARDO,Transferido,Faturado,07/08/2026 10:04:27,,,,07/08/26,15:47,,,,,FELIPE,11/08/2026 10:46:32
3376,CARRO HORARIO,HC,12608744,"R$ 598,60",CRATEUS,ENTREGUE,07/08/26,10:17:00,MASCILON,Transferido,Faturado,07/08/2026 10:18:04,,PAULO FELIPE,,07/08/26,11:02,,,,TITAN 160 START,FELIPE,11/08/2026 10:45:49
3377,NORMAL,HC,12608748,"R$ 377,97",CRATEUS,ENTREGUE,07/08/26,10:44:00,MASCILON,Transferido,Faturado,07/08/2026 10:45:02,,,,,,,,,,ZEZINHO,13/08/2026 11:24:05
3378,PROGRAMADO,HC,12608750,"R$ 1.942,53",CRATEUS,ENTREGUE,07/08/26,10:50:00,LEONARDO,Transferido,Faturado,07/08/2026 10:51:17,,JULIO,,10/08/26,16:54,,,,KIA BONGO,ZEZINHO,13/08/2026 11:23:46
3379,RETIRADA,NLC,8507118,"R$ 1.220,52",CRATEUS,ENTREGUE,07/08/26,11:07:00,GEISI,Transferido,Faturado,07/08/2026 13:17:36,,,,,,,,,,,
3380,NORMAL,HC,12608752,"R$ 1.540,20",CRATEUS,ENTREGUE,07/08/26,11:19:00,MASCILON,Transferido,Faturado,07/08/2026 11:49:45,,,,07/08/26,17:50,,,,,ZEZINHO,13/08/2026 11:23:26
3381,NORMAL,HC,12608758,"R$ 6.328,17",PORANGA,AGENDADA,07/08/26,16:24:00,MASCILON,Transferido,Faturado,07/08/2026 18:05:28,,,,,,,,,,FELIPE,10/08/2026 15:27:37
3382,URGENTE,NLC,8507129,"R$ 216,90",CRATEUS,ENTREGUE,07/08/26,12:22:00,GEISI,Transferido,Faturado,07/08/2026 14:38:58,,,,,,,,,,,
3383,NORMAL,HC,12608772,"R$ 1.007,23",CRATEUS,ENTREGUE,07/08/26,14:38:00,LEONARDO,Transferido,Faturado,07/08/2026 16:38:08,,,,,,,,,,FELIPE,11/08/2026 10:48:47
3384,NORMAL,HC,12608774,"R$ 5.373,51",NOVO ORIENTE,ENTREGUE,07/08/26,14:55:00,CAMILA,Transferido,Faturado,07/08/2026 14:59:01,,,,,,,,,,FELIPE,11/08/2026 10:52:24
3385,URGENTE,HC,12608776,"R$ 2.054,99",CRATEUS,ENTREGUE,07/08/26,15:08:00,LEONARDO,Transferido,Faturado,07/08/2026 15:11:30,,,,,,,,,,FELIPE,11/08/2026 10:53:02
3386,NORMAL,HC,12608778,"R$ 348,00",ARARENDA,ENTREGUE,07/08/26,15:38:00,CAMILA,Transferido,Faturado,07/08/2026 15:38:44,,VICTOR,,11/08/26,16:08,,,,(N) ACELLO 815 156 CV,FELIPE,11/08/2026 10:53:40
3387,URGENTE,HC,120608786,"R$ 449,70",CRATEUS,ENTREGUE,07/08/26,16:19:00,CAMILA,Transferido,Faturado,07/08/2026 16:22:14,,,,,,,,,,,
3388,RETIRADA,HC,12608789,"R$ 113,20",CRATEUS,ENTREGUE,07/08/26,16:22:00,LEONARDO,Transferido,Faturado,07/08/2026 16:23:00,,,,,,,,,,,
3389,NORMAL,HC,                                                                     ,"R$ 1.870,00",CRATEUS,ENTREGUE,07/08/26,16:58:00,LIMA,Transferido,Faturado,07/08/2026 16:59:11,,,,,,,,,,FELIPE,11/08/2026 10:50:27
3390,NORMAL,HC,12608799,"R$ 3.821,92",MONTE NEBO,ENTREGUE,07/08/26,17:35:00,MASCILON,Transferido,Faturado,07/08/2026 17:36:08,,VICTOR,,13/08/26,13:00,,,,(N) ACELLO 815 156 CV,FELIPE,10/08/2026 17:03:10
3391,URGENTE,HC,12608798,"R$ 1.900,00",CRATEUS,ENTREGUE,07/08/26,17:50:00,LIMA,Transferido,Faturado,07/08/2026 17:53:45,,,,08/08/26,08:45,,,,,,
3392,RETIRADA,NLC,8507138,"R$ 1.221,32",NOVO ORIENTE,ENTREGUE,07/08/26,07:51,GEISI,Transferido,Faturado,08/08/2026 07:51:18,,,,,,,,,,,
3393,RETIRADA,HC,12608803,"R$ 716,00",CRATEUS,ENTREGUE,08/08/26,07:49:00,CAMILA,Transferido,Faturado,08/08/2026 07:52:43,,,,,,,,,,,
3394,NORMAL,HC,12608805,"R$ 345,00",CRATEUS,ENTREGUE,08/08/26,07:56:00,LIMA,Transferido,Faturado,08/08/2026 07:56:17,,,,,,,,,,,
3395,NORMAL,HC,12608813,"R$ 432,90",TUCUNS,ENTREGUE,08/08/26,08:50:00,LIMA,Transferido,Faturado,08/08/2026 08:53:43,,,,08/08/26,09:36,,,,,FELIPE,10/08/2026 08:19:51
3396,URGENTE,HC,12608807,"R$ 137,80",CRATEUS,ENTREGUE,08/08/26,08:56:00,LEONARDO,Transferido,Faturado,08/08/2026 08:56:46,,,,,,,,,,FELIPE,10/08/2026 08:20:12
3397,NORMAL,NLC,8507141,"R$ 2.119,00",IPAPORANGA,ENTREGUE,08/08/26,09:23:00,GEISI,Transferido,Faturado,08/08/2026 09:56:19,,VICTOR,,11/08/26,15:19,,,,(N) ACELLO 815 156 CV,,
3398,RETIRADA,HC,12608822,"R$ 68,70",CRATEUS,ENTREGUE,08/08/26,09:29:00,MASCILON,Transferido,Faturado,08/08/2026 09:29:58,,,,,,,,,,,
3399,NORMAL,HC,12608817,"R$ 3.480,00",CRATEUS,ENTREGUE,08/08/26,09:48:00,LIMA,Transferido,Faturado,08/08/2026 09:48:56,,,,,,,,,,FELIPE,10/08/2026 08:19:11
3400,PROGRAMADO,NLC,8507142,"R$ 170,00",CRATEUS,ENTREGUE,08/08/26,09:57:00,GEISI,Transferido,Faturado,08/08/2026 10:53:07,,PAULO FELIPE,08:47:00,11/08/26,09:06,,,,TITAN 160 START,,
3401,URGENTE,HC,12608829,"R$ 620,00",CRATEUS,ENTREGUE,08/08/26,10:01:00,CAMILA,Transferido,Faturado,08/08/2026 10:04:07,,,,,,,,,,FELIPE,10/08/2026 08:18:47
3402,CARRO HORARIO,HC,12608791,"R$ 359,50",CRATEUS,ENTREGUE,08/08/26,10:12:00,CAMILA,Transferido,Faturado,,,,,,,,,,,,
3403,NORMAL,HC,12608825,"R$ 7.702,25",IPAPORANGA,ENTREGUE,08/08/26,10:12:00,MASCILON,Transferido,Faturado,08/08/2026 10:16:10,,VICTOR,,11/08/26,11:28,,,,(N) ACELLO 815 156 CV,FELIPE,10/08/2026 08:18:28
3404,RETIRADA,HC,12608824,"R$ 88,30",CRATEUS,ENTREGUE,08/08/26,10:36:00,LEONARDO,Transferido,Faturado,08/08/2026 10:36:15,,,,,,,,,,FELIPE,10/08/2026 08:18:01
3405,NORMAL,HC,12608839,"R$ 1.881,68",CRATEUS,ENTREGUE,08/08/26,10:52:00,LEONARDO,Transferido,Faturado,08/08/2026 10:55:59,,,,,,,,,,FELIPE,10/08/2026 08:17:47
3406,NORMAL,HC,12608765,"R$ 7.309,00",CRATEUS,ENTREGUE,08/08/26,11:07:00,LEONARDO,Transferido,Faturado,08/08/2026 11:08:11,,VICTOR,,15/08/26,10:22,,,,(N) ACELLO 815 156 CV,FELIPE,10/08/2026 08:17:26
3407,NORMAL,HC,12608785,"R$ 49,99",CRATEUS,ENTREGUE,08/08/26,11:09:00,LIMA,Transferido,Faturado,08/08/2026 11:10:08,,,,,,,,,,,
3408,NORMAL,NLC,8507147,"R$ 953,12",CRATEUS,AGENDADA,08/08/26,11:17:00,GEISI,Transferido,Faturado,08/08/2026 11:54:27,,,,,,,,,,,
3409,NORMAL,NLC,8507149,"R$ 90,00",CRATEUS,ENTREGUE,08/08/26,11:22:00,GEISI,Transferido,Faturado,08/08/2026 11:57:53,,JULIO,,10/08/26,10:42,,,,KIA BONGO,,
3410,NORMAL,NLC,8507148,"R$ 300,00",CRATEUS,ENTREGUE,08/08/26,11:29:00,GEISI,Transferido,Faturado,08/08/2026 11:57:49,,JULIO,,10/08/26,10:43,,,,KIA BONGO,,
3411,PROGRAMADO,NLC,8507146,"R$ 695,11",CRATEUS,ENTREGUE,08/08/26,11:30:00,GEISI,Transferido,Faturado,08/08/2026 11:57:42,,,,,,,,piso chega quinta,,,
3412,NORMAL,HC,12608833,"R$ 1.188,00",CRATEUS,ENTREGUE,08/08/26,11:29:00,MASCILON,Transferido,Faturado,08/08/2026 11:32:34,,JULIO,,10/08/26,10:13,,,,KIA BONGO,FELIPE,10/08/2026 08:16:07
3413,NORMAL,HC,12608849,"R$ 1.044,54",CRATEUS,ENTREGUE,08/08/26,11:47:00,MASCILON,Transferido,Faturado,08/08/2026 11:48:03,,,,,,,,,,FELIPE,10/08/2026 08:16:46
3414,NORMAL,HC,12608866,"R$ 1.070,00",CRATEUS,ENTREGUE,08/08/26,12:39:00,CAMILA,Transferido,Faturado,08/08/2026 12:40:23,,JULIO,,27/08/26,10:45,,,,HR 100 CV,FELIPE,10/08/2026 08:16:27
3415,RETIRADA,HC,12608870,"R$ 118,67",CRATEUS,ENTREGUE,08/08/26,13:06:00,MASCILON,Transferido,Faturado,08/08/2026 13:06:34,,,,,,,,,,,
3416,NORMAL,HC,12608873,"R$ 442,80",CRATEUS,ENTREGUE,08/08/26,13:51:00,LEONARDO,Transferido,Faturado,08/08/2026 13:52:07,,,,,,,,,,FELIPE,10/08/2026 08:15:40
3417,RETIRADA,HC,12608874,"R$ 73,80",CRATEUS,ENTREGUE,10/08/26,07:31:00,LEONARDO,Transferido,Faturado,10/08/2026 07:34:51,,,,,,,,,,,
3418,NORMAL,HC,12608878,"R$ 144,90",CRATEUS,ENTREGUE,10/08/26,08:05:00,LEONARDO,Transferido,Faturado,10/08/2026 08:09:19,,,,,,,,,,FELIPE,10/08/2026 08:15:08
3419,URGENTE,HC,12608880,"R$ 224,00",CRATEUS,ENTREGUE,10/08/26,08:25:00,LIMA,Transferido,Faturado,10/08/2026 08:25:51,,JULIO,,10/08/26,10:27,,,,KIA BONGO,FELIPE,10/08/2026 08:25:57
3420,NORMAL,HC,12608875,"R$ 1.403,64",CRATEUS,ENTREGUE,10/08/26,08:42:00,LIMA,Transferido,Faturado,10/08/2026 08:42:45,,,,,,,,,,FELIPE,10/08/2026 17:02:20
3421,URGENTE,HC,12608886,"R$ 1.184,30",CRATEUS,ENTREGUE,10/08/26,08:54:00,LEONARDO,Transferido,Faturado,10/08/2026 08:54:42,,,,,,,,,,FELIPE,10/08/2026 17:02:01
3422,RETIRADA,HC,12608887,"R$ 2.200,00",CRATEUS,ENTREGUE,10/08/26,09:03:00,CAMILA,Transferido,Faturado,10/08/2026 09:07:30,,,,,,,,,,,
3423,NORMAL,HC,12608900,"R$ 267,00",CRATEUS,ENTREGUE,10/08/26,09:29:00,CAMILA,Transferido,Faturado,10/08/2026 09:29:42,,,,,,,,,,FELIPE,10/08/2026 17:01:42
3424,CARRO HORARIO,HC,12608862,"R$ 570,00",CRATEUS,ENTREGUE,08/08/26,12:12:00,CAMILA,Transferido,Faturado,10/08/2026 09:35:31,,,,,,,,,,,
3425,CARRO HORARIO,HC,035770,"R$ 250,00",CRATEUS,ENTREGUE,08/08/26,12:12:00,CAMILA,Transferido,Faturado,10/08/2026 09:36:05,,,,,,,,,,,
3426,CARRO HORARIO,NLC,8507159,"R$ 242,86",CRATEUS,ENTREGUE,10/08/26,09:43:00,GEISI,Transferido,Faturado,10/08/2026 13:29:22,,,,,,,,,,,
3427,RETIRADA,HC,126089910,"R$ 270,05",CRATEUS,ENTREGUE,10/08/26,10:09:00,MASCILON,Transferido,Faturado,10/08/2026 10:13:08,,,,,,,,,,,
3428,RETIRADA,HC,12608902,"R$ 369,00",CRATEUS,ENTREGUE,10/08/26,10:13:00,CAMILA,Transferido,Faturado,10/08/2026 10:16:39,,,,,,,,,,,
3429,RETIRADA,HC,12608913,"R$ 107,60",CRATEUS,ENTREGUE,10/08/26,10:22:00,MASCILON,Transferido,Faturado,10/08/2026 10:22:39,,,,,,,,,,,
3430,CARRO HORARIO,HC,12608908,"R$ 127,00",CRATEUS,ENTREGUE,10/08/26,10:25:00,MASCILON,Transferido,Faturado,10/08/2026 10:25:43,,,,,,,,,,FELIPE,10/08/2026 17:01:12
3431,RETIRADA,HC,12608916,"R$ 506,32",CRATEUS,ENTREGUE,10/08/26,10:30:00,LEONARDO,Transferido,Faturado,10/08/2026 10:34:14,,,,,,,,,,,
3432,NORMAL,HC,12608918,"R$ 1.363,76",CRATEUS,ENTREGUE,10/08/26,10:42:00,CAMILA,Transferido,Faturado,10/08/2026 10:46:24,,,,,,,,,,FELIPE,10/08/2026 15:33:05
3433,RETIRADA,HC,12608920,"R$ 36,90",CRATEUS,ENTREGUE,10/08/26,10:57:00,LEONARDO,Transferido,Faturado,10/08/2026 10:57:30,,,,,,,,,,,
3434,PROGRAMADO,NLC,8507163,"R$ 544,00",CRATEUS,ENTREGUE,10/08/26,10:58:00,GEISI,Transferido,Faturado,10/08/2026 13:04:50,,JULIO,,14/08/26,09:43,,,,KIA BONGO,,
3435,NORMAL,HC,12608924,"R$ 153,90",CRATEUS,ENTREGUE,10/08/26,11:28:00,LIMA,Transferido,Faturado,10/08/2026 11:28:36,,,,,,,,,,FELIPE,10/08/2026 15:32:12
3436,RETIRADA,NLC,8507165,"R$ 510,00",CRATEUS,ENTREGUE,10/08/26,11:55:00,GEISI,Transferido,Faturado,10/08/2026 16:20:43,,,,,,,,,,,
3437,CARRO HORARIO,HC,12608929,"R$ 233,91",CRATEUS,ENTREGUE,10/08/26,12:04:00,MASCILON,Transferido,Faturado,10/08/2026 12:04:39,,,,,,,,,,,
3438,NORMAL,HC,12608941,"R$ 49,99",CRATEUS,ENTREGUE,10/08/26,13:17:00,CAMILA,Transferido,Faturado,10/08/2026 13:17:54,,,,,,,,,,FELIPE,10/08/2026 15:26:42
3439,NORMAL,HC,12608939,"R$ 268,70",CRATEUS,ENTREGUE,10/08/26,13:17:00,LIMA,Transferido,Faturado,10/08/2026 13:20:28,,,,,,,,,,FELIPE,10/08/2026 15:26:01
3440,NORMAL,HC,12608917,"R$ 226,00",CRATEUS,ENTREGUE,10/08/26,13:37:00,MASCILON,Transferido,Faturado,10/08/2026 13:41:16,,,,,,,,,,FELIPE,10/08/2026 17:00:17
3441,NORMAL,HC,12608911,"R$ 3.873,50",IPAPORANGA,ENTREGUE,10/08/26,14:20:00,LEONARDO,Transferido,Faturado,10/08/2026 15:41:23,,JULIO,,21/08/26,10:48,,,,KIA BONGO,FELIPE,10/08/2026 16:58:04
3442,URGENTE,HC,12608953,"R$ 293,70",CRATEUS,ENTREGUE,10/08/26,14:25:00,CAMILA,Transferido,Faturado,10/08/2026 14:28:23,,,,,,,,,,FELIPE,10/08/2026 15:28:57
3443,NORMAL,HC,12608965,"R$ 371,50",CRATEUS,ENTREGUE,10/08/26,15:23:00,CAMILA,Transferido,Faturado,10/08/2026 15:27:19,,JULIO,,11/08/26,15:28,,,,KIA BONGO,FELIPE,10/08/2026 15:28:21
3444,CARRO HORARIO,HC,12608914,"R$ 412,00",CRATEUS,ENTREGUE,10/08/26,15:37:00,LIMA,Transferido,Faturado,10/08/2026 15:37:48,,PAULO FELIPE,08:47:00,11/08/26,08:55,,,,TITAN 160 START,FELIPE,10/08/2026 16:58:28
3445,NORMAL,HC,12608881,"R$ 2.998,20",CRATEUS,ENTREGUE,10/08/26,15:35:00,NOBRE LAR,Transferido,Faturado,10/08/2026 15:38:51,,,,,,,,,,,
3446,NORMAL,NLC,8507168,"R$ 276,76",MONTE NEBO,ENTREGUE,10/08/26,16:41:00,GEISI,Transferido,Faturado,10/08/2026 17:11:12,,VICTOR,,13/08/26,13:16,,,,(N) ACELLO 815 156 CV,,
3447,URGENTE,HC,12608956,"R$ 645,60",CRATEUS,ENTREGUE,10/08/26,16:55:00,LEONARDO,Transferido,Faturado,10/08/2026 16:55:15,,JULIO,,11/08/26,09:27,,,,KIA BONGO,FELIPE,10/08/2026 16:57:34
3448,URGENTE,HC,12608992,"R$ 490,00",CRATEUS,ENTREGUE,11/08/26,08:10:00,LIMA,Transferido,Faturado,11/08/2026 08:14:32,,,,,,,,,,FELIPE,11/08/2026 10:43:31
3449,CARRO HORARIO,NLC,8507170,"R$ 325,02",CRATEUS,ENTREGUE,11/08/26,08:37:00,GEISI,Transferido,Faturado,11/08/2026 09:52:09,,PAULO FELIPE,09:24:00,11/08/26,09:40,,,,TITAN 160 START,,
3450,RETIRADA,HC,12608995,"R$ 93,80",CRATEUS,ENTREGUE,11/08/26,08:43:00,CAMILA,Transferido,Faturado,11/08/2026 08:43:36,,,,,,,,,,,
3451,RETIRADA,HC,12608987,"R$ 430,00",CRATEUS,ENTREGUE,11/08/26,08:45:00,LEONARDO,Transferido,Faturado,11/08/2026 08:45:53,,,,,,,,,,,
3452,RETIRADA,HC,12608998,"R$ 379,00",CRATEUS,ENTREGUE,11/08/26,08:48:00,LIMA,Transferido,Faturado,11/08/2026 08:48:27,,,,,,,,,,,
3453,URGENTE,HC,12608997,"R$ 73,80",CRATEUS,ENTREGUE,11/08/26,08:51:00,LEONARDO,Transferido,Faturado,11/08/2026 08:51:30,,,,,,,,,,FELIPE,11/08/2026 10:43:02
3454,NORMAL,NLC,8507173,"R$ 640,00",CRATEUS,ENTREGUE,11/08/26,08:51:00,GEISI,Transferido,Faturado,11/08/2026 09:52:23,,JULIO,,11/08/26,15:40,,,,KIA BONGO,,
3455,NORMAL,HC,12609002,"R$ 149,90",CRATEUS,ENTREGUE,11/08/26,09:02:00,CAMILA,Transferido,Faturado,11/08/2026 09:06:05,,JULIO,,11/08/26,15:29,,,,KIA BONGO,FELIPE,11/08/2026 10:42:44
3456,CARRO HORARIO,NLC,8507172,"R$ 405,00",CRATEUS,ENTREGUE,11/08/26,09:42:00,GEISI,Transferido,Faturado,11/08/2026 10:24:37,,,,,,,,,,,
3457,CARRO HORARIO,NLC,8507174,"R$ 213,00",CRATEUS,ENTREGUE,11/08/26,09:53:00,GEISI,Transferido,Faturado,11/08/2026 10:25:09,,,,,,,,,,,
3458,RETIRADA,NLC,8507175,"R$ 93,87",CRATEUS,ENTREGUE,11/08/26,10:03:00,GEISI,Transferido,Faturado,11/08/2026 10:25:05,,,,,,,,,,,
3459,RETIRADA,HC,12609013,"R$ 196,00",CRATEUS,ENTREGUE,11/08/26,10:06:00,MASCILON,Transferido,Faturado,11/08/2026 10:35:49,,,,,,,,,,,
3460,NORMAL,HC,12609000,"R$ 7.890,00",IPAPORANGA,ENTREGUE,11/08/26,10:18:00,LIMA,Transferido,Faturado,11/08/2026 10:18:36,,VICTOR,,01/09/26,10:39,,,,(N) ACELLO 815 156 CV,FELIPE,11/08/2026 10:42:17
3461,RETIRADA,HC,12609018,"R$ 233,91",CRATEUS,ENTREGUE,11/08/26,10:47:00,LEONARDO,Transferido,Faturado,11/08/2026 10:50:55,,,,,,,,,,,
3462,URGENTE,HC,12609021,"R$ 111,07",CRATEUS,ENTREGUE,11/08/26,11:08:00,LEONARDO,Transferido,Faturado,11/08/2026 11:08:32,,,15:04:00,11/08/26,15:15,,,,,ZEZINHO,13/08/2026 11:22:45
3463,CARRO HORARIO,HC,12608934,"R$ 170,70",CRATEUS,ENTREGUE,11/08/26,11:11:00,MASCILON,Transferido,Faturado,11/08/2026 11:11:50,,,08:50:00,12/08/26,09:10,,,,,,
3464,NORMAL,NLC,8507178,"R$ 1.295,00",INDEPENDENCIA,ENTREGUE,11/08/26,11:44:00,GEISI,Transferido,Faturado,11/08/2026 13:06:41,,,,,,,,,,,
3465,RETIRADA,NLC,8507179,"R$ 87,00",CRATEUS,ENTREGUE,11/08/26,11:54:00,GEISI,Transferido,Faturado,11/08/2026 13:06:42,,,,,,,,,,,
3466,NORMAL,HC,12609028,"R$ 3.752,00",CRATEUS,ENTREGUE,11/08/26,12:06:00,NOBRE LAR,Transferido,Faturado,11/08/2026 12:07:10,,,,,,,,,,ZEZINHO,13/08/2026 11:22:27
3467,NORMAL,HC,12609030,"R$ 2.069,35",CRATEUS,ENTREGUE,11/08/26,12:24:00,CAMILA,Transferido,Faturado,11/08/2026 12:24:58,,,,,,,,,,ZEZINHO,13/08/2026 11:22:11
3468,NORMAL,HC,12608957,"R$ 652,74",CRATEUS,ENTREGUE,11/08/26,12:30:00,NOBRE LAR,Transferido,Faturado,11/08/2026 12:31:00,,,,,,,,,,ZEZINHO,13/08/2026 11:21:53
3469,NORMAL,HC,12609029,"R$ 370,00",CRATEUS,ENTREGUE,11/08/26,12:34:00,NOBRE LAR,Transferido,Faturado,11/08/2026 12:34:36,,,,,,,,,,ZEZINHO,13/08/2026 11:21:34
3470,NORMAL,HC,12608936,"R$ 1.038,37",CRATEUS,AGENDADA,11/08/26,12:38:00,MASCILON,Transferido,Faturado,11/08/2026 12:38:23,,,,,,,,,,ZEZINHO,13/08/2026 11:21:20
3471,NORMAL,HC,12609020,"R$ 339,00",CRATEUS,ENTREGUE,11/08/26,12:41:00,LIMA,Transferido,Faturado,11/08/2026 12:41:28,,,15:22:00,11/08/26,15:37,,,,,ZEZINHO,13/08/2026 11:21:03
3472,URGENTE,HC,12609039,"R$ 298,77",CRATEUS,ENTREGUE,11/08/26,13:44:00,CAMILA,Transferido,Faturado,11/08/2026 13:47:50,,,,,,,,,,ZEZINHO,13/08/2026 11:12:49
3473,NORMAL,HC,12609041,"R$ 3.619,82",REALEJO,ENTREGUE,11/08/26,14:31:00,CAMILA,Transferido,Faturado,11/08/2026 14:35:14,,VICTOR,,13/08/26,10:29,,,,(N) ACELLO 815 156 CV,ZEZINHO,13/08/2026 11:20:25
3474,NORMAL,NLC,8507181,"R$ 1.417,50",CRATEUS,ENTREGUE,11/08/26,15:02:00,GEISI,Transferido,Faturado,11/08/2026 16:11:05,,,,,,,,,,,
3475,RETIRADA,HC,12609048,"R$ 331,14",CRATEUS,ENTREGUE,11/08/26,16:13:00,CAMILA,Pendente,Pendente,,,,,,,,,,,,
3476,URGENTE,NLC,8507184,"R$ 200,00",CRATEUS,ENTREGUE,11/08/26,16:15:00,GEISI,Transferido,Faturado,11/08/2026 16:23:23,,,,,,,,,,,
3477,RETIRADA,NLC,8507185,"R$ 327,00",CRATEUS,ENTREGUE,11/08/26,16:23:00,GEISI,Transferido,Faturado,12/08/2026 09:45:19,,,,,,,,,,,
3478,NORMAL,HC,12608999,"R$ 13.407,46",PORANGA,ENTREGUE,11/08/26,16:55:00,MASCILON,Transferido,Faturado,11/08/2026 16:55:13,,,,,,,,,,ZEZINHO,13/08/2026 11:20:04
3479,NORMAL,HC,12609058,"R$ 1.062,60",CRATEUS,ENTREGUE,11/08/26,17:46:00,MASCILON,Transferido,Faturado,,,JULIO,,12/08/26,10:33,,,,KIA BONGO,ZEZINHO,13/08/2026 11:18:52
3480,NORMAL,HC,12609061,"R$ 72,89",CRATEUS,ENTREGUE,12/08/26,07:27:00,CAMILA,Transferido,Faturado,12/08/2026 08:02:01,,,,,,,,,,ZEZINHO,13/08/2026 11:19:29
3481,URGENTE,NLC,8507188,"R$ 234,00",CRATEUS,ENTREGUE,11/08/26,08:12:00,GEISI,Transferido,Faturado,12/08/2026 09:39:43,,,,,,,,,,,
3482,NORMAL,NLC,8507189,"R$ 650,00",CRATEUS,ENTREGUE,11/08/26,08:17:00,GEISI,Transferido,Faturado,12/08/2026 09:45:08,,,,,,,,,,,
3483,URGENTE,NLC,8507190,"R$ 256,34",CRATEUS,ENTREGUE,11/08/26,08:25:00,GEISI,Transferido,Faturado,12/08/2026 09:45:23,,,09:50:00,12/08/26,10:11,,,,,,
3484,URGENTE,HC,12609072,"R$ 149,00",CRATEUS,ENTREGUE,11/08/26,08:26:00,LIMA,Transferido,Faturado,12/08/2026 08:26:24,,,09:50:00,12/08/26,10:21,,,,,ZEZINHO,13/08/2026 11:13:42
3485,NORMAL,HC,12609069,"R$ 774,00",PAU DE OLEIO,ENTREGUE,11/08/26,08:27:00,MASCILON,Transferido,Faturado,12/08/2026 08:28:11,,JULIO,,12/08/26,10:19,,,,KIA BONGO,ZEZINHO,13/08/2026 11:14:14
3486,CARRO HORARIO,HC,12609064,"R$ 187,01",CRATEUS,ENTREGUE,11/08/26,08:31:00,MASCILON,Transferido,Faturado,12/08/2026 08:31:25,,,09:06:00,12/08/26,09:16,,,,,,
3487,NORMAL,HC,12609068,"R$ 137,80",CRATEUS,ENTREGUE,11/08/26,08:35:00,LEONARDO,Transferido,Faturado,12/08/2026 08:35:37,,,,,,,,,,ZEZINHO,13/08/2026 11:14:42
3488,NORMAL,NLC,8507191,"R$ 116,76",INDEPENDENCIA,ENTREGUE,11/08/26,08:50:00,GEISI,Transferido,Faturado,12/08/2026 08:50:20,,VICTOR,,20/08/26,11:41,,,,(N) ACELLO 815 156 CV,,
3489,RETIRADA,HC,12609082,"R$ 179,26",CRATEUS,ENTREGUE,11/08/26,09:17:00,LEONARDO,Transferido,Faturado,12/08/2026 09:16:56,,,,,,,,,,,
3490,URGENTE,HC,12609086,"R$ 826,95",CRATEUS,ENTREGUE,12/08/26,09:50:00,CAMILA,Transferido,Faturado,12/08/2026 10:17:17,,JULIO,,13/08/26,10:52,,,,KIA BONGO,ZEZINHO,13/08/2026 11:15:11
3491,NORMAL,HC,035771,"R$ 870,00",CRATEUS,ENTREGUE,12/08/26,10:16:00,CAMILA,Transferido,Faturado,12/08/2026 10:20:02,,,,,,,,,,ZEZINHO,13/08/2026 11:15:33
3492,URGENTE,NLC,8507196,"R$ 545,80",CRATEUS,ENTREGUE,12/08/26,11:32:00,GEISI,Transferido,Faturado,12/08/2026 14:45:50,,,,,,,,,,,
3493,NORMAL,HC,12609110,"R$ 243,30",CRATEUS,ENTREGUE,12/08/26,12:01:00,MASCILON,Transferido,Faturado,12/08/2026 17:43:49,,,,,,,,,,ZEZINHO,13/08/2026 11:11:47
3494,URGENTE,HC,12609074,"R$ 324,50",CRATEUS,ENTREGUE,12/08/26,12:24:00,LEONARDO,Transferido,Faturado,12/08/2026 12:24:49,,,,,,,,,,ZEZINHO,13/08/2026 11:16:09
3495,URGENTE,NLC,8507202,"R$ 682,74",CRATEUS,ENTREGUE,12/08/26,12:45:00,GEISI,Transferido,Faturado,13/08/2026 10:18:25,,,,,,,,,,,
3496,URGENTE,HC,12609120,"R$ 503,60",CRATEUS,ENTREGUE,12/08/26,13:52:00,MASCILON,Transferido,Faturado,13/08/2026 07:11:22,,,,,,,,,,ZEZINHO,13/08/2026 11:12:15
3497,RETIRADA,NLC,8507205,"R$ 1.051,00",ROSARIO,ENTREGUE,12/08/26,14:49:00,GEISI,Transferido,Faturado,12/08/2026 15:09:41,,,,,,,,,,,
3498,RETIRADA,HC,12609125,"R$ 350,00",CRATEUS,ENTREGUE,12/08/26,15:33:00,LEONARDO,Transferido,Faturado,12/08/2026 15:33:54,,,,,,,,,,ZEZINHO,13/08/2026 11:13:15
3499,URGENTE,HC,12609085,"R$ 2.093,40",CRATEUS,ENTREGUE,12/08/26,16:50:00,LEONARDO,Transferido,Faturado,12/08/2026 16:53:42,,JULIO,,13/08/26,08:01,,,,KIA BONGO,ZEZINHO,13/08/2026 11:16:40
3500,RETIRADA,HC,12609134,"R$ 211,60",CRATEUS,ENTREGUE,12/08/26,16:54:00,CAMILA,Transferido,Faturado,12/08/2026 16:54:17,,,,,,,,,,,
3501,RETIRADA,HC,12609148,"R$ 200,00",CRATEUS,ENTREGUE,12/08/26,07:50:00,LEONARDO,Transferido,Faturado,13/08/2026 07:54:13,,,,,,,,,,,
3502,CARRO HORARIO,HC,12609150,"R$ 1.506,38",UMBURANA,ENTREGUE,12/08/26,08:23:00,CAMILA,Transferido,Faturado,13/08/2026 08:26:36,,,,,,,,,,ZEZINHO,13/08/2026 11:11:12
3503,URGENTE,NLC,8507210,"R$ 3.678,84",CRATEUS,ENTREGUE,12/08/26,08:34:00,GEISI,Transferido,Faturado,13/08/2026 14:13:22,,JULIO,,13/08/26,16:04,,,,KIA BONGO,,
3504,CARRO HORARIO,NLC,8507211,"R$ 360,00",CRATEUS,ENTREGUE,12/08/26,08:40:00,GEISI,Transferido,Faturado,13/08/2026 09:00:59,,,,,,,,,,,
3505,NORMAL,HC,12609152,"R$ 3.752,00",CRATEUS,ENTREGUE,13/08/26,08:41:00,NOBRE LAR,Transferido,Faturado,13/08/2026 08:41:31,,,,,,,,,,ZEZINHO,13/08/2026 11:10:45
3506,NORMAL,HC,12609157,"R$ 64,56",CRATEUS,ENTREGUE,13/08/26,08:42:00,MASCILON,Transferido,Faturado,13/08/2026 08:42:46,,,,,,,,,,ZEZINHO,13/08/2026 11:10:25
3507,NORMAL,HC,12609142,"R$ 176,59",CRATEUS,ENTREGUE,13/08/26,08:47:00,MASCILON,Transferido,Faturado,13/08/2026 08:47:58,,,,,,,,,,,
3508,RETIRADA,HC,12609162,"R$ 1.590,00",CRATEUS,ENTREGUE,13/08/26,09:01:00,LEONARDO,Transferido,Faturado,13/08/2026 09:05:10,,,,,,,,,,,
3509,RETIRADA,HC,12609166,"R$ 76,94",CRATEUS,ENTREGUE,13/08/26,09:03:00,CAMILA,Transferido,Faturado,13/08/2026 09:06:41,,,,,,,,,,,
3510,RETIRADA,HC,12609167,"R$ 174,00",CRATEUS,ENTREGUE,13/08/26,09:10:00,LIMA,Transferido,Faturado,13/08/2026 09:14:09,,,,,,,,,,,
3511,CARRO HORARIO,HC,12609158,"R$ 2.260,60",IBIAPABA,ENTREGUE,13/08/26,09:30:00,CAMILA,Transferido,Faturado,13/08/2026 09:36:08,,,,,,,,,,ZEZINHO,13/08/2026 11:09:58
3512,NORMAL,HC,12609176,"R$ 1.023,20",CRATEUS,AGENDADA,13/08/26,10:31:00,MASCILON,Transferido,Faturado,13/08/2026 10:34:43,,,,,,,,,,,
3513,NORMAL,HC,12609179,"R$ 233,60",CRATEUS,ENTREGUE,13/08/26,10:34:00,LEONARDO,Transferido,Faturado,13/08/2026 13:12:01,,,,,,,,,,ZEZINHO,13/08/2026 11:09:28
3514,NORMAL,NLC,8507218,"R$ 155,30",CRATEUS,ENTREGUE,13/08/26,10:37:00,GEISI,Transferido,Faturado,13/08/2026 15:21:51,,,,,,,,,,,
3515,URGENTE,HC,12609118,"R$ 340,00",CRATEUS,ENTREGUE,12/08/26,13:30:00,CAMILA,Transferido,Faturado,13/08/2026 10:46:48,,,,,,,,,,,
3516,NORMAL,HC,12609174,"R$ 1.480,00",SAO GONCALO,ENTREGUE,13/08/26,10:48:00,LIMA,Transferido,Faturado,13/08/2026 10:49:07,,,,,,,,,,,
3517,NORMAL,HC,12608740,"R$ 1.811,87",IPAPORANGA,ENTREGUE,13/08/26,11:17:00,MASCILON,Transferido,Faturado,13/08/2026 11:17:40,,,,,,,,,,,
3518,RETIRADA,NLC,8507219,"R$ 1.116,90",CRATEUS,ENTREGUE,13/08/26,11:18:00,GEISI,Transferido,Faturado,13/08/2026 15:20:03,,,,,,,,,,,
3519,NORMAL,HC,12609183,"R$ 93,90",CRATEUS,ENTREGUE,13/08/26,11:25:00,LEONARDO,Transferido,Faturado,13/08/2026 11:25:55,,,,,,,,,,,
3520,NORMAL,HC,12609185,"R$ 1.350,00",CRATEUS,ENTREGUE,13/08/26,11:42:00,LEONARDO,Transferido,Faturado,13/08/2026 11:43:14,,,,,,,,,,FELIPE,13/08/2026 16:56:20
3521,URGENTE,NLC,8507217,"R$ 444,00",CRATEUS,ENTREGUE,13/08/26,11:46:00,GEISI,Transferido,Faturado,13/08/2026 15:21:45,,,,,,,,,,,
3522,RETIRADA,HC,12609189,"R$ 45,80",CRATEUS,ENTREGUE,13/08/26,12:07:00,MASCILON,Transferido,Faturado,13/08/2026 12:07:36,,,,13/08/26,12:05,,,,,,
3523,NORMAL,HC,12609190,"R$ 65,78",CRATEUS,ENTREGUE,13/08/26,12:26:00,LIMA,Transferido,Faturado,13/08/2026 12:06:39,,,,,,,,,,FELIPE,13/08/2026 16:56:03
3524,NORMAL,HC,12609201,"R$ 33,50",CRATEUS,ENTREGUE,13/08/26,13:19:00,CAMILA,Transferido,Faturado,13/08/2026 13:22:44,,,,,,,,,,FELIPE,13/08/2026 16:55:48
3525,NORMAL,HC,12609204,"R$ 1.265,80",CRATEUS,ENTREGUE,13/08/26,13:28:00,MASCILON,Transferido,Faturado,13/08/2026 13:31:32,,,,,,,,,,,
3526,RETIRADA,HC,12609218,"R$ 180,00",CRATEUS,ENTREGUE,13/08/26,16:35:00,CAMILA,Transferido,Faturado,13/08/2026 16:36:09,,,,,,,,,,,
3527,RETIRADA,HC,12609224,"R$ 100,00",CRATEUS,ENTREGUE,13/08/26,16:52:00,MASCILON,Transferido,Faturado,13/08/2026 16:52:36,,,,,,,,,,,
3528,TOPIQUE,HC,12609197,"R$ 251,70",CRATEUS,ENTREGUE,13/08/26,16:54:00,MASCILON,Transferido,Faturado,13/08/2026 16:55:07,,,,,,,,,,FELIPE,13/08/2026 16:55:19
3529,NORMAL,HC,12609230,"R$ 499,70",SITIO GIRA SOL,ENTREGUE,13/08/26,17:27:00,LEONARDO,Transferido,Faturado,13/08/2026 17:28:10,,,,,,,,,,FELIPE,17/08/2026 11:26:22
3530,PROGRAMADO,HC,12609238,"R$ 550,70",CRATEUS,ENTREGUE,13/08/26,18:06:00,LEONARDO,Transferido,Faturado,13/08/2026 18:07:05,,,,,,,,,,FELIPE,17/08/2026 11:24:25
3531,URGENTE,HC,12609228,"R$ 146,00",CRATEUS,ENTREGUE,14/08/26,07:29:00,CAMILA,Transferido,Faturado,14/08/2026 07:33:27,,,,,,,,,,FELIPE,17/08/2026 11:24:09
3532,RETIRADA,HC,12609244,"R$ 1.080,00",CRATEUS,ENTREGUE,14/08/26,07:46:00,LEONARDO,Transferido,Faturado,14/08/2026 07:50:14,,,,,,,,,,,
3533,RETIRADA,HC,12609245,"R$ 467,17",CRATEUS,ENTREGUE,14/08/26,08:13:00,LIMA,Transferido,Faturado,,,,,,,,,,,,
3534,RETIRADA,HC,12609246,"R$ 1.135,00",CRATEUS,ENTREGUE,14/08/26,08:15:00,LIMA,Transferido,Faturado,14/08/2026 08:19:02,,,,,,,,,,,
3535,CARRO HORARIO,SGE,035772,"R$ 450,50",CRATEUS,ENTREGUE,14/08/26,08:23:00,LIMA,Transferido,Faturado,14/08/2026 09:10:07,,,,,,,,,,FELIPE,17/08/2026 11:23:21
3536,RETIRADA,HC,12609248,"R$ 98,42",CRATEUS,ENTREGUE,14/08/26,08:45:00,LEONARDO,Transferido,Faturado,14/08/2026 08:45:24,,,,,,,,,,,
3537,NORMAL,HC,12609250,"R$ 73,80",CRATEUS,ENTREGUE,14/08/26,08:57:00,LIMA,Transferido,Faturado,14/08/2026 08:57:30,,,,,,,,,,FELIPE,17/08/2026 11:23:50
3538,NORMAL,HC,12609225,"R$ 4.990,00",INDEPENDENCIA,ENTREGUE,14/08/26,09:03:00,CAMILA,Transferido,Faturado,14/08/2026 09:03:13,,VICTOR,,20/08/26,13:29,,,,(N) ACELLO 815 156 CV,FELIPE,17/08/2026 11:23:37
3539,RETIRADA,HC,12609255,"R$ 180,00",CRATEUS,ENTREGUE,14/08/26,09:24:00,CAMILA,Transferido,Faturado,14/08/2026 09:28:11,,,,,,,,,,,
3540,RETIRADA,HC,12609249,"R$ 3.306,40",CRATEUS,ENTREGUE,14/08/26,09:34:00,MASCILON,Transferido,Faturado,14/08/2026 09:34:57,,,,,,,,,,,
3541,URGENTE,HC,12609272,"R$ 277,00",CRATEUS,ENTREGUE,14/08/26,10:49:00,LIMA,Transferido,Faturado,14/08/2026 10:53:22,,JULIO,,14/08/26,14:27,,,,KIA BONGO,FELIPE,17/08/2026 11:22:58
3542,NORMAL,HC,12609274,"R$ 874,25",CRATEUS,ENTREGUE,14/08/26,11:03:00,CAMILA,Transferido,Faturado,14/08/2026 11:03:33,,,,,,,,,,FELIPE,17/08/2026 11:22:33
3543,RETIRADA,HC,12609269,"R$ 3.330,00",CRATEUS,ENTREGUE,14/08/26,11:23:00,LEONARDO,Transferido,Faturado,14/08/2026 11:26:54,,,,,,,,,,,
3544,RETIRADA,HC,12609282,"R$ 436,47",CRATEUS,ENTREGUE,14/08/26,11:47:00,LIMA,Transferido,Faturado,14/08/2026 11:48:01,,,,,,,,,,,
3545,NORMAL,NLC,8507225,"R$ 1.053,00",CRATEUS,ENTREGUE,14/08/26,12:00:00,GEISI,Transferido,Faturado,14/08/2026 16:52:38,,,,,,,,,,,
3546,NORMAL,HC,12609237,"R$ 1.606,90",CRATEUS,ENTREGUE,14/08/26,12:04:00,MASCILON,Transferido,Faturado,,,,,,,,,,,FELIPE,17/08/2026 11:22:14
3547,NORMAL,NLC,8507227,"R$ 145,55",CRATEUS,ENTREGUE,14/08/26,12:04:00,GEISI,Transferido,Faturado,14/08/2026 15:48:09,,,,,,,,,,,
3548,RETIRADA,NLC,8507230,"R$ 262,70",CRATEUS,ENTREGUE,14/08/26,12:05:00,GEISI,Transferido,Faturado,14/08/2026 13:20:07,,,,,,,,,,,
3549,NORMAL,NLC,8507231,"R$ 256,20",CRATEUS,ENTREGUE,14/08/26,12:08:00,GEISI,Transferido,Faturado,14/08/2026 13:18:51,,,,,,,,,,,
3550,RETIRADA,SGE,035773,"R$ 172,50",CRATEUS,ENTREGUE,14/08/26,12:23:00,MASCILON,Transferido,Faturado,14/08/2026 12:23:35,,,,,,,,,,,
3551,NORMAL,HC,12609287,"R$ 728,00",CRATEUS,ENTREGUE,14/08/26,13:39:00,MASCILON,Transferido,Faturado,14/08/2026 15:54:14,,,,,,,,,,FELIPE,17/08/2026 11:21:36
3552,RETIRADA,HC,12609292,"R$ 286,00",CRATEUS,ENTREGUE,14/08/26,13:57:00,LIMA,Transferido,Faturado,14/08/2026 14:00:40,,,,,,,,,,,
3553,NORMAL,SGE,35774,"R$ 298,00",CRATEUS,ENTREGUE,14/08/26,14:59:00,CAMILA,Transferido,Faturado,14/08/2026 15:03:01,,,,,,,,,,FELIPE,17/08/2026 11:21:52
3554,URGENTE,NLC,8507233,"R$ 239,02",CRATEUS,ENTREGUE,14/08/26,15:20:00,GEISI,Transferido,Faturado,14/08/2026 15:45:25,,,,,,,,,,,
3555,URGENTE,NLC,8507234,"R$ 38,50",CRATEUS,ENTREGUE,14/08/26,15:41:00,GEISI,Transferido,Faturado,14/08/2026 15:58:49,,,,,,,,,,,
3556,RETIRADA,HC,12609305,"R$ 55,30",CRATEUS,ENTREGUE,14/08/26,16:03:00,LEONARDO,Transferido,Faturado,14/08/2026 16:03:20,,,,,,,,,,,
3557,NORMAL,HC,12609306,"R$ 2.660,00",CRATEUS,ENTREGUE,14/08/26,16:11:00,CAMILA,Transferido,Faturado,14/08/2026 16:12:07,,,,,,,,,,FELIPE,17/08/2026 11:21:19
3558,URGENTE,NLC,8507235,"R$ 93,40",CRATEUS,ENTREGUE,14/08/26,16:24:00,GEISI,Transferido,Faturado,14/08/2026 16:53:17,,,,,,,,,,,
3559,NORMAL,HC,12609273,"R$ 2.991,60",CRATEUS,ENTREGUE,14/08/26,16:33:00,MASCILON,Transferido,Faturado,14/08/2026 16:33:41,,,,,,,,,,FELIPE,17/08/2026 11:20:51
3560,RETIRADA,HC,12609310,"R$ 234,50",CRATEUS,ENTREGUE,14/08/26,16:48:00,CAMILA,Transferido,Faturado,14/08/2026 16:48:30,,,,,,,,,,,
3561,NORMAL,HC,12609300,"R$ 4.866,00",PORANGA,ENTREGUE,14/08/26,17:05:00,LEONARDO,Transferido,Faturado,14/08/2026 17:05:22,,VICTOR,,27/08/26,15:10,,,,(N) ACELLO 815 156 CV,FELIPE,17/08/2026 11:20:36
3562,PROGRAMADO,HC,12609291,"R$ 12.370,00",IPAPORANGA,PROGRAMADO,14/08/26,17:35:00,LIMA,Transferido,Faturado,14/08/2026 17:36:48,,,,,,,,,,FELIPE,17/08/2026 11:20:17
3563,NORMAL,HC,12609209,"R$ 11.010,00",REALEJO,ENTREGUE,14/08/26,17:40:00,LEONARDO,Transferido,Faturado,14/08/2026 17:40:52,,FELIPE,,28/08/26,09:35,,,,ACELLO 815 156 CV,FELIPE,17/08/2026 11:19:51
3564,CARRO HORARIO,HC,12609322,"R$ 175,90",VILA GRACA,ENTREGUE,15/08/26,08:01:00,CAMILA,Transferido,Faturado,15/08/2026 08:03:00,,,,,,,,,,FELIPE,17/08/2026 11:19:27
3565,URGENTE,HC,12609324,"R$ 1.999,20",CRATEUS,ENTREGUE,15/08/26,08:03:00,LEONARDO,Transferido,Faturado,15/08/2026 08:03:41,,,,,,,,,,FELIPE,17/08/2026 11:19:11
3566,NORMAL,NLC,8507237,"R$ 176,00",IPAPORANGA,ENTREGUE,15/08/26,08:13:00,GEISI,Transferido,Faturado,15/08/2026 10:18:02,,JULIO,,21/08/26,10:49,,,,KIA BONGO,,
3567,NORMAL,HC,12609330,"R$ 645,00",CRATEUS,ENTREGUE,15/08/26,08:22:00,LEONARDO,Transferido,Faturado,15/08/2026 08:23:30,,,,,,,,,,FELIPE,17/08/2026 11:18:53
3568,RETIRADA,HC,12609331,"R$ 195,82",CRATEUS,ENTREGUE,15/08/26,08:27:00,LIMA,Transferido,Faturado,15/08/2026 08:27:37,,,,,,,,,,,
3569,RETIRADA,HC,12609383,"R$ 489,00",CRATEUS,ENTREGUE,15/08/26,08:35:00,LIMA,Transferido,Faturado,15/08/2026 08:35:18,,,,,,,,,,,
3570,PROGRAMADO,HC,12609254,"R$ 441,00",CRATEUS,ENTREGUE,15/08/26,08:36:00,MASCILON,Transferido,Faturado,15/08/2026 08:36:26,,,,,,,,,,FELIPE,17/08/2026 11:18:37
3571,RETIRADA,HC,12609334,"R$ 287,78",CRATEUS,ENTREGUE,15/08/26,08:48:00,CAMILA,Transferido,Faturado,15/08/2026 09:15:05,,,,,,,,,,,
3572,RETIRADA,HC,12609336,"R$ 234,50",CRATEUS,ENTREGUE,15/08/26,08:53:00,CAMILA,Transferido,Faturado,15/08/2026 08:53:25,,,,,,,,,,FELIPE,17/08/2026 11:15:42
3573,NORMAL,NLC,8507238,"R$ 483,00",CRATEUS,ENTREGUE,15/08/26,09:10:00,GEISI,Transferido,Faturado,15/08/2026 11:25:13,,,,,,,,,,,
3574,RETIRADA,HC,12609341,"R$ 143,00",CRATEUS,ENTREGUE,15/08/26,09:09:00,CAMILA,Transferido,Faturado,15/08/2026 09:10:08,,,,,,,,,,,
3575,RETIRADA,HC,12609342,"R$ 75,67",CRATEUS,ENTREGUE,15/08/26,09:12:00,LEONARDO,Transferido,Faturado,15/08/2026 09:12:17,,,,,,,,,,,
3576,RETIRADA,HC,12609346,"R$ 91,60",CRATEUS,ENTREGUE,15/08/26,09:27:00,LIMA,Transferido,Faturado,15/08/2026 09:27:41,,,,,,,,,,,
3577,NORMAL,HC,12609259,"R$ 1.137,00",CRATEUS,ENTREGUE,15/08/26,10:28:00,CAMILA,Transferido,Faturado,15/08/2026 10:28:56,,,,,,,,,,FELIPE,17/08/2026 11:15:22
3578,RETIRADA,HC,12609343,"R$ 623,76",CRATEUS,ENTREGUE,15/08/26,10:28:00,MASCILON,Transferido,Faturado,15/08/2026 10:31:56,,,,,,,,,,,
3579,CARRO HORARIO,HC,12609354,"R$ 229,00",CRATEUS,ENTREGUE,15/08/26,10:31:00,MASCILON,Transferido,Faturado,15/08/2026 10:31:51,,,,,,,,,,FELIPE,17/08/2026 11:15:05
3580,CARRO HORARIO,NLC,8507242,"R$ 73,00",CRATEUS,ENTREGUE,15/08/26,10:32:00,GEISI,Transferido,Faturado,15/08/2026 10:36:54,,,,,,,,,,,
3581,NORMAL,HC,12609367,"R$ 110,00",CRATEUS,ENTREGUE,15/08/26,11:28:00,MASCILON,Transferido,Faturado,15/08/2026 11:31:31,,,,,,,,,,FELIPE,17/08/2026 11:14:11
3582,RETIRADA,HC,12609369,"R$ 223,72",CRATEUS,ENTREGUE,15/08/26,11:34:00,MASCILON,Transferido,Faturado,15/08/2026 11:37:47,,,,,,,,,,,
3583,RETIRADA,HC,12609376,"R$ 140,70",CRATEUS,ENTREGUE,15/0826,11:45:00,LIMA,Transferido,Faturado,15/08/2026 11:49:28,,,,,,,,,,,
3584,RETIRADA,HC,12609374,"R$ 161,15",CRATEUS,ENTREGUE,15/08/26,11:55:00,MASCILON,Transferido,Faturado,15/08/2026 12:46:43,,,,,,,,,,,
3585,NORMAL,HC,12609372,"R$ 5.771,16",CRATEUS,ENTREGUE,15/08/26,12:42:00,LEONARDO,Transferido,Faturado,15/08/2026 12:45:51,,VICTOR,,19/08/26,10:13,,,,(N) ACELLO 815 156 CV,FELIPE,17/08/2026 11:13:28
3586,NORMAL,HC,12609381,"R$ 965,52",CRATEUS,ENTREGUE,15/08/26,12:49:00,LEONARDO,Transferido,Faturado,15/08/2026 12:53:00,,,,,,,,,,FELIPE,17/08/2026 11:13:14
3587,NORMAL,HC,12609380,"R$ 310,00",CRATEUS,ENTREGUE,15/08/26,12:53:00,MASCILON,Transferido,Faturado,15/08/2026 12:57:03,,,,,,,,,,FELIPE,17/08/2026 11:13:46
3588,NORMAL,HC,12609385,"R$ 352,81",SUCESSO,ENTREGUE,15/08/26,13:22:00,MASCILON,Transferido,Faturado,15/08/2026 13:26:18,,JULIO,,17/08/26,10:54,,,,KIA BONGO,FELIPE,17/08/2026 11:12:54
3589,NORMAL,HC,12608719,"R$ 775,37",CRATEUS,ENTREGUE,17/08/26,07:59:00,MASCILON,Transferido,Faturado,17/08/2026 08:02:32,,,,,,,,,,FELIPE,17/08/2026 11:12:24
3590,CARRO HORARIO,HC,12609401,"R$ 14,10",IBIAPABA,ENTREGUE,17/08/26,08:54:00,CAMILA,Transferido,Faturado,17/08/2026 08:54:59,,,,,,,,,,,
3591,RETIRADA,HC,12609403,"R$ 553,50",CRATEUS,ENTREGUE,17/08/26,08:56:00,CAMILA,Transferido,Faturado,17/08/2026 08:57:09,,,,,,,,,,FELIPE,17/08/2026 11:11:52
3592,URGENTE,HC,12608835,"R$ 597,00",CRATEUS,ENTREGUE,17/08/26,09:12:00,LEONARDO,Transferido,Faturado,17/08/2026 10:46:07,,,,,,,,,,FELIPE,17/08/2026 11:11:08
3593,RETIRADA,HC,12609407,"R$ 315,00",CRATEUS,ENTREGUE,17/08/26,09:30:00,CAMILA,Transferido,Faturado,17/08/2026 09:30:51,,,,,,,,,,,
3594,RETIRADA,HC,12609408,"R$ 100,63",CRATEUS,ENTREGUE,17/08/26,09:33:00,LEONARDO,Transferido,Faturado,17/08/2026 09:36:49,,,,,,,,,,FELIPE,17/08/2026 11:10:12
3595,RETIRADA,HC,12609409,"R$ 622,48",CRATEUS,ENTREGUE,17/08/26,10:26:00,MASCILON,Transferido,Faturado,17/08/2026 13:12:37,,,,,,,,,,,
3596,RETIRADA,HC,12609414,"R$ 650,00",CRATEUS,ENTREGUE,17/08/26,10:29:00,LIMA,Transferido,Faturado,17/08/2026 10:30:20,,,,,,,,,,,
3597,URGENTE,HC,12609226,"R$ 875,68",CRATEUS,ENTREGUE,17/08/26,10:37:00,LEONARDO,Transferido,Faturado,17/08/2026 10:37:12,,,,,,,,,,FELIPE,17/08/2026 11:11:30
3598,NORMAL,HC,12609399,"R$ 290,25",CRATEUS,ENTREGUE,17/08/26,10:42:00,LIMA,Transferido,Faturado,17/08/2026 10:43:23,,,,,,,,,,FELIPE,17/08/2026 11:09:48
3599,NORMAL,NLC,8507246,"R$ 1.107,00",CRATEUS,ENTREGUE,17/08/26,10:55:00,GEISI,Transferido,Faturado,17/08/2026 11:40:16,,JULIO,,18/08/26,10:00,,,,KIA BONGO,,
3600,RETIRADA,HC,V1614,"R$ 44,00",CRATEUS,ENTREGUE,17/08/26,11:32:00,LEONARDO,Transferido,Faturado,17/08/2026 11:32:25,,,,,,,,,,,
3601,URGENTE,NLC,8507243,"R$ 5.180,00",NOVO ORIENTE,ENTREGUE,17/08/26,11:55:00,GEISI,Transferido,Faturado,17/08/2026 15:54:41,,VICTOR,,18/08/26,10:39,,,,(N) ACELLO 815 156 CV,,
3602,RETIRADA,HC,12609428,"R$ 59,75",CRATEUS,ENTREGUE,17/08/26,15:34:00,LIMA,Transferido,Faturado,17/08/2026 12:22:07,,,,,,,,,,,
3603,NORMAL,HC,12609430,"R$ 1.458,36",CRATEUS,ENTREGUE,17/08/26,12:29:00,LIMA,Transferido,Faturado,17/08/2026 12:30:03,,JULIO,,19/08/26,11:09,,,,KIA BONGO,FELIPE,17/08/2026 16:43:35
3604,NORMAL,HC,12609431,"R$ 222,00",CRATEUS,ENTREGUE,17/08/26,12:31:00,LIMA,Transferido,Faturado,17/08/2026 12:31:27,,,,,,,,,,FELIPE,17/08/2026 16:43:18
3605,NORMAL,NLC,8507254,"R$ 1.437,00",INDEPENDENCIA,ENTREGUE,17/08/26,12:56:00,GEISI,Transferido,Faturado,17/08/2026 15:23:43,,VICTOR,,20/08/26,11:42,,,,(N) ACELLO 815 156 CV,,
3606,RETIRADA,HC,12609432,"R$ 3.216,64",CRATEUS,ENTREGUE,17/08/26,12:59:00,MASCILON,Transferido,Faturado,17/08/2026 12:59:19,,,,,,,,,,,
3607,RETIRADA,HC,12609439,"R$ 209,00",CRATEUS,ENTREGUE,17/08/26,14:31:00,CAMILA,Transferido,Faturado,17/08/2026 14:32:04,,,,,,,,,,,
3608,NORMAL,HC,12609442,"R$ 200,00",INDEPENDENCIA,ENTREGUE,17/08/26,15:02:00,CAMILA,Transferido,Faturado,17/08/2026 15:02:33,,VICTOR,,20/08/26,12:39,,,,(N) ACELLO 815 156 CV,FELIPE,17/08/2026 16:42:59
3609,NORMAL,NLC,8507257,"R$ 2.183,00",INDEPENDENCIA,ENTREGUE,17/08/26,15:16:00,GEISI,Transferido,Faturado,17/08/2026 15:25:45,,VICTOR,,20/08/26,10:43,,,,(N) ACELLO 815 156 CV,,
3610,NORMAL,NLC,8507259,"R$ 585,00",INDEPENDENCIA,ENTREGUE,17/08/26,15:34:00,GEISI,Transferido,Faturado,17/08/2026 15:55:15,,VICTOR,,20/08/26,10:44,,,,(N) ACELLO 815 156 CV,,
3611,NORMAL,NLC,8507260,"R$ 1.626,92",CRATEUS,ENTREGUE,17/08/26,15:59:00,GEISI,Transferido,Faturado,17/08/2026 16:25:15,,JULIO,,18/08/26,18:01,,,,KIA BONGO,,
3612,NORMAL,HC,12609446,"R$ 939,43",CRATEUS,ENTREGUE,17/08/26,16:01:00,LIMA,Transferido,Faturado,17/08/2026 17:41:15,,JULIO,,19/08/26,11:09,,,,KIA BONGO,FELIPE,18/08/2026 17:28:50
3613,RETIRADA,HC,12609453,"R$ 143,80",CRATEUS,ENTREGUE,17/08/26,16:23:00,LIMA,Transferido,Faturado,17/08/2026 16:23:36,,,,,,,,,,,
3614,RETIRADA,SGE,035775,"R$ 125,00",CRATEUS,ENTREGUE,17/08/26,16:52:00,CAMILA,Transferido,Faturado,17/08/2026 17:41:26,,,,,,,,,,,
3615,NORMAL,HC,12609422,"R$ 884,00",PORANGA,ENTREGUE,17/08/26,17:21:00,MASCILON,Transferido,Faturado,17/08/2026 17:22:11,,,,,,,,,,FELIPE,18/08/2026 17:29:36
3616,NORMAL,HC,12609444,"R$ 945,00",PORANGA,ENTREGUE,17/08/26,17:49:00,LEONARDO,Transferido,Faturado,17/08/2026 17:53:01,,VICTOR,,27/08/26,15:11,,,,(N) ACELLO 815 156 CV,FELIPE,18/08/2026 09:07:24
3617,URGENTE,HC,12609420,"R$ 308,90",IPAPORANGA,ENTREGUE,17/08/26,07:30:00,LEONARDO,Transferido,Faturado,18/08/2026 07:34:18,,,,,,,,,,FELIPE,18/08/2026 17:28:34
3618,CARRO HORARIO,NLC,8507261,"R$ 130,00",CRATEUS,ENTREGUE,17/08/26,08:21:00,GEISI,Transferido,Faturado,18/08/2026 09:43:46,,,,,,,,,,,
3619,NORMAL,HC,12609473,"R$ 231,00",CRATEUS,ENTREGUE,18/08/26,09:04:00,CAMILA,Transferido,Faturado,18/08/2026 09:05:07,,,,,,,,,,FELIPE,18/08/2026 09:07:35
3620,NORMAL,HC,12609475,"R$ 957,77",CRATEUS,ENTREGUE,18/08/26,09:06:00,LIMA,Transferido,Faturado,18/08/2026 09:07:06,,,,,,,,,,FELIPE,18/08/2026 09:07:33
3621,NORMAL,HC,12609469,"R$ 251,60",CRATEUS,ENTREGUE,18/08/26,09:13:00,MASCILON,Transferido,Faturado,18/08/2026 09:17:02,,JULIO,,20/08/26,09:05,,,,KIA BONGO,FELIPE,18/08/2026 17:28:10
3622,URGENTE,HC,12609481,"R$ 167,10",CRATEUS,ENTREGUE,18/08/26,09:22:00,MASCILON,Transferido,Faturado,18/08/2026 09:25:53,,,,,,,,,,FELIPE,18/08/2026 17:27:49
3623,NORMAL,HC,12609468,"R$ 3.752,00",CRATEUS,ENTREGUE,18/08/26,09:31:00,NOBRE LAR,Transferido,Faturado,18/08/2026 09:31:18,,,,,,,,,,FELIPE,18/08/2026 17:27:32
3624,NORMAL,HC,12609476,"R$ 3.140,76",REALEJO,ENTREGUE,18/08/26,09:31:00,CAMILA,Transferido,Faturado,18/08/2026 09:35:16,,FELIPE,,28/08/26,10:45,,,,ACELLO 815 156 CV,FELIPE,18/08/2026 17:27:21
3625,RETIRADA,HC,12609482,"R$ 319,00",CRATEUS,ENTREGUE,18/08/26,09:36:00,CAMILA,Transferido,Faturado,18/08/2026 09:40:57,,,,,,,,,,,
3626,RETIRADA,HC,12609484,"R$ 788,29",CRATEUS,ENTREGUE,18/08/26,09:53:00,MASCILON,Transferido,Faturado,18/08/2026 09:56:56,,,,,,,,,,,
3627,URGENTE,HC,12609454,"R$ 1.400,00",CRATEUS,ENTREGUE,18/08/26,09:55:00,CAMILA,Transferido,Faturado,18/08/2026 09:59:17,,,,,,,,,,FELIPE,18/08/2026 17:27:00
3628,NORMAL,HC,12609488,"R$ 239,00",CRATEUS,ENTREGUE,18/08/26,10:09:00,MASCILON,Transferido,Faturado,18/08/2026 10:13:11,,,,,,,,,,FELIPE,18/08/2026 11:32:29
3629,URGENTE,HC,12609487,"R$ 215,00",INDEPENDENCIA,ENTREGUE,18/08/26,10:12:00,CAMILA,Transferido,Faturado,18/08/2026 10:15:57,,VICTOR,,20/08/26,12:41,,,,(N) ACELLO 815 156 CV,FELIPE,18/08/2026 11:31:35
3630,RETIRADA,NLC,8507265,"R$ 61,00",REALEJO,ENTREGUE,18/08/26,10:34:00,GEISI,Transferido,Faturado,18/08/2026 11:31:18,,,,,,,,,,,
3631,NORMAL,HC,12609462,"R$ 311,24",CRATEUS,ENTREGUE,18/08/26,10:35:00,MASCILON,Transferido,Faturado,18/08/2026 10:45:09,,,,,,,,,,,
3632,NORMAL,NLC,8507268,"R$ 1.415,00",INDEPENDENCIA,ENTREGUE,18/08/26,11:10:00,GEISI,Transferido,Faturado,18/08/2026 11:31:25,,VICTOR,,20/08/26,10:46,,,,(N) ACELLO 815 156 CV,,
3633,NORMAL,HC,12609506,"R$ 55,00",CRATEUS,CANCELADO,18/08/26,11:25:00,LIMA,Transferido,Faturado,18/08/2026 11:25:33,,,,,,,,,,FELIPE,18/08/2026 11:31:17
3634,URGENTE,NLC,8507269,"R$ 1.082,00",CRATEUS,ENTREGUE,18/08/26,11:25:00,GEISI,Transferido,Faturado,19/08/2026 10:30:25,,JULIO,,18/08/26,18:01,,A RECEBER,,KIA BONGO,,
3635,URGENTE,HC,12609505,"R$ 1.180,41",TAMBORIL,ENTREGUE,18/08/26,11:27:00,MASCILON,Transferido,Faturado,18/08/2026 11:27:15,,,,,,,,,,FELIPE,18/08/2026 11:29:41
3636,URGENTE,HC,12609491,"R$ 1.149,80",IPAPORANGA,ENTREGUE,18/08/26,11:28:00,LEONARDO,Transferido,Faturado,18/08/2026 11:29:14,,JULIO,,21/08/26,10:48,,,,KIA BONGO,FELIPE,18/08/2026 11:29:43
3637,NORMAL,HC,12609507,"R$ 663,30",CRATEUS,ENTREGUE,18/08/26,11:37:00,LIMA,Transferido,Faturado,18/08/2026 11:38:22,,,,,,,,,,FELIPE,18/08/2026 17:26:35
3638,URGENTE,HC,12609509,"R$ 668,89",CRATEUS,ENTREGUE,18/08/26,11:57:00,LIMA,Transferido,Faturado,18/08/2026 11:58:05,,,,,,,,,,FELIPE,18/08/2026 17:26:18
3639,RETIRADA,HC,12609510,"R$ 304,92",CRATEUS,ENTREGUE,18/08/26,12:02:00,CAMILA,Transferido,Faturado,18/08/2026 12:02:42,,,,,,,,,,,
3640,RETIRADA,HC,12609538,"R$ 53,22",CRATEUS,ENTREGUE,18/08/26,14:19:00,LEONARDO,Transferido,Faturado,18/08/2026 14:22:28,,,,,,,,,,,
3641,URGENTE,HC,12609542,"R$ 183,30",CRATEUS,ENTREGUE,18/08/26,15:13:00,LEONARDO,Transferido,Faturado,18/08/2026 15:16:31,,,,,,,,,,FELIPE,18/08/2026 17:25:58
3642,CARRO HORARIO,HC,12609547,"R$ 1.224,25",MONTE NEBO,ENTREGUE,18/08/26,15:47:00,CAMILA,Transferido,Faturado,18/08/2026 15:48:07,,JULIO,,19/08/26,08:52,,,,KIA BONGO,FELIPE,18/08/2026 17:25:38
3643,NORMAL,HC,12609492,"R$ 22.976,00",BURITI DOS MONTES,ENTREGUE,18/08/26,15:49:00,CAMILA,Transferido,Faturado,18/08/2026 15:52:38,,VICTOR,,09/09/26,11:32,,,,(N) ACELLO 815 156 CV,FELIPE,18/08/2026 17:25:16
3644,RETIRADA,HC,12609552,"R$ 875,00",CRATEUS,ENTREGUE,18/08/26,16:23:00,LIMA,Transferido,Faturado,18/08/2026 16:23:13,,,,,,,,,,,
3645,NORMAL,NLC,8507276,"R$ 284,90",CRATEUS,ENTREGUE,18/08/26,16:28:00,GEISI,Transferido,Faturado,18/08/2026 16:28:40,,,,,,,,,,,
3646,NORMAL,HC,12609555,"R$ 1.210,99",CRATEUS,ENTREGUE,18/08/26,16:37:00,CAMILA,Transferido,Faturado,18/08/2026 16:37:10,,JULIO,,19/08/26,09:34,,,,KIA BONGO,FELIPE,18/08/2026 17:24:50
3647,NORMAL,HC,12609558,"R$ 99,98",CRATEUS,ENTREGUE,18/08/26,16:37:00,CAMILA,Transferido,Faturado,18/08/2026 16:37:41,,JULIO,,19/08/26,09:34,,,,KIA BONGO,FELIPE,18/08/2026 17:24:31
3648,RETIRADA,HC,12609565,"R$ 59,75",CRATEUS,ENTREGUE,18/08/26,17:27:00,MASCILON,Pendente,Pendente,,,,,,,,,,,,
3649,NORMAL,NLC,12609504,,CRATEUS,ENTREGUE,19/08/26,07:31:00,LIMA,Transferido,Faturado,19/08/2026 07:32:01,,,,,,,,,,,
3650,RETIRADA,HC,12609568,"R$ 634,53",CRATEUS,ENTREGUE,19/08/26,07:41:00,LEONARDO,Transferido,Faturado,19/08/2026 07:45:21,,,,,,,,,,,
3651,RETIRADA,HC,12609572,"R$ 270,00",CRATEUS,ENTREGUE,19/08/26,08:22:00,LEONARDO,Transferido,Faturado,19/08/2026 08:23:04,,,,,,,,,,,
3652,NORMAL,HC,12609567,"R$ 821,30",CRATEUS,ENTREGUE,19/08/26,09:16:00,LEONARDO,Transferido,Faturado,19/08/2026 09:19:38,,,,,,,,,,FELIPE,20/08/2026 11:11:21
3653,NORMAL,HC,12609579,"R$ 124,64",CRATEUS,ENTREGUE,19/08/26,09:18:00,LIMA,Transferido,Faturado,19/08/2026 09:22:24,,,,,,,,,,FELIPE,20/08/2026 11:11:48
3654,NORMAL,HC,12609584,"R$ 643,99",CRATEUS,ENTREGUE,19/08/26,09:50:00,MASCILON,Transferido,Faturado,19/08/2026 09:50:49,,JULIO,,20/08/26,11:33,,,,KIA BONGO,FELIPE,20/08/2026 11:10:59
3655,NORMAL,HC,12609264,"R$ 8.387,65",CRATEUS,ENTREGUE,19/08/26,10:17:00,MASCILON,Transferido,Faturado,19/08/2026 10:21:14,,,,,,,,,,FELIPE,20/08/2026 11:10:47
3656,CARRO HORARIO,HC,12609571,"R$ 242,60",CRATEUS,ENTREGUE,19/08/26,10:38:00,MASCILON,Transferido,Faturado,19/08/2026 10:42:11,,,,,,,,,,,
3657,RETIRADA,HC,12609598,"R$ 75,67",CRATEUS,ENTREGUE,19/08/26,11:13:00,LEONARDO,Transferido,Faturado,19/08/2026 11:13:32,,,,,,,,,,,
3658,NORMAL,HC,12609601,"R$ 2.005,00",CRATEUS,ENTREGUE,19/08/26,11:26:00,LIMA,Transferido,Faturado,19/08/2026 11:26:52,,JULIO,,20/08/26,09:05,,,,KIA BONGO,FELIPE,20/08/2026 11:10:24
3659,NORMAL,HC,12609607,"R$ 405,95",CRATEUS,ENTREGUE,19/08/26,12:16:00,MASCILON,Transferido,Faturado,19/08/2026 12:17:07,,,,,,,,,,FELIPE,20/08/2026 11:10:00
3660,RETIRADA,SGE,035777,"R$ 60,00",CRATEUS,ENTREGUE,19/08/26,12:31:00,LIMA,Transferido,Faturado,20/08/2026 11:09:12,,,,,,,,,,FELIPE,20/08/2026 11:09:23
3661,URGENTE,NLC,8507287,"R$ 496,00",CRATEUS,ENTREGUE,19/08/26,12:49:00,GEISI,Transferido,Faturado,19/08/2026 14:50:09,,,,,,,,,,,
3662,NORMAL,HC,12609609,"R$ 463,97",CRATEUS,ENTREGUE,19/08/26,13:12:00,MASCILON,Transferido,Faturado,19/08/2026 13:13:07,,,,,,,,,,FELIPE,20/08/2026 11:08:51
3663,NORMAL,HC,12609611,"R$ 204,00",CRATEUS,ENTREGUE,19/08/26,13:21:00,CAMILA,Transferido,Faturado,19/08/2026 13:21:36,,,,,,,,,,FELIPE,20/08/2026 11:08:36
3664,CARRO HORARIO,NLC,8507288,"R$ 153,90",CRATEUS,ENTREGUE,19/08/26,13:34:00,GEISI,Transferido,Faturado,19/08/2026 13:35:10,,,,,,,,,,,
3665,URGENTE,NLC,8507289,"R$ 126,90",CRATEUS,ENTREGUE,19/08/26,14:42:00,GEISI,Transferido,Faturado,19/08/2026 16:04:55,,,,,,,,,,,
3666,NORMAL,HC,12609624,"R$ 2.345,00",CRATEUS,ENTREGUE,19/08/26,15:22:00,NOBRE LAR,Transferido,Faturado,19/08/2026 15:22:51,,,,,,,,,,FELIPE,20/08/2026 11:08:22
3667,NORMAL,HC,12609619,"R$ 535,99",CRATEUS,ENTREGUE,19/08/26,15:21:00,LEONARDO,Transferido,Faturado,19/08/2026 15:25:23,,JULIO,,20/08/26,15:35,,,,KIA BONGO,FELIPE,20/08/2026 11:08:12
3668,RETIRADA,HC,12609623,"R$ 1.740,00",CRATEUS,ENTREGUE,19/08/26,15:33:00,LEONARDO,Transferido,Faturado,19/08/2026 15:36:30,,,,,,,,,,,
3669,NORMAL,HC,12609625,"R$ 970,00",CRATEUS,ENTREGUE,19/08/26,15:38:00,CAMILA,Transferido,Faturado,19/08/2026 15:41:39,,JULIO,,20/08/26,09:51,,,,KIA BONGO,FELIPE,20/08/2026 11:07:58
3670,RETIRADA,HC,12609628,"R$ 154,44",CRATEUS,ENTREGUE,19/08/26,15:41:00,LEONARDO,Transferido,Faturado,19/08/2026 15:44:27,,,,,,,,,,,
3671,NORMAL,HC,12609626,"R$ 399,76",CRATEUS,ENTREGUE,19/08/26,15:41:00,CAMILA,Transferido,Faturado,19/08/2026 15:49:04,,,,,,,,,,FELIPE,20/08/2026 11:07:44
3672,RETIRADA,HC,12609627,"R$ 290,00",IPAPORANGA,ENTREGUE,19/08/26,15:45:00,CAMILA,Transferido,Faturado,19/08/2026 15:46:06,,,,,,,,,,,
3673,NORMAL,HC,12609634,"R$ 2.470,00",CRATEUS,ENTREGUE,19/08/26,16:11:00,LIMA,Transferido,Faturado,19/08/2026 16:11:28,,JULIO,,20/08/26,09:42,,,,KIA BONGO,FELIPE,20/08/2026 11:07:19
3674,NORMAL,HC,12609636,"R$ 933,74",CRATEUS,ENTREGUE,19/08/26,16:40:00,LEONARDO,Transferido,Faturado,19/08/2026 16:40:31,,JULIO,,20/08/26,15:59,,,,KIA BONGO,FELIPE,20/08/2026 11:06:46
3675,NORMAL,HC,12609642,"R$ 76,32",CRATEUS,ENTREGUE,19/08/26,16:57:00,LEONARDO,Transferido,Faturado,19/08/2026 16:57:41,,,,,,,,,,FELIPE,20/08/2026 11:06:19
3676,NORMAL,HC,12609639,"R$ 1.467,00",INDEPENDENCIA,ENTREGUE,19/08/26,17:12:00,CAMILA,Transferido,Faturado,19/08/2026 17:12:27,,VICTOR,,20/08/26,12:39,,,,(N) ACELLO 815 156 CV,FELIPE,20/08/2026 11:05:59
3677,NORMAL,NLC,8507293,"R$ 923,22",CRATEUS,ENTREGUE,19/08/26,17:19:00,GEISI,Transferido,Faturado,19/08/2026 17:19:17,,,,,,,,,,,
3678,NORMAL,HC,12609593,"R$ 835,17",CRATEUS,ENTREGUE,19/08/26,06:05:00,LEONARDO,Transferido,Faturado,19/08/2026 18:08:50,,JULIO,,24/08/26,10:52,,,,KIA BONGO,FELIPE,20/08/2026 11:04:47
3679,URGENTE,HC,12609635,"R$ 169,50",CRATEUS,ENTREGUE,20/08/26,07:35:00,MASCILON,Transferido,Faturado,20/08/2026 07:39:08,,,,,,,,,,FELIPE,20/08/2026 11:04:32
3680,URGENTE,NLC,8507295,"R$ 441,49",INDEPENDENCIA,ENTREGUE,20/08/26,08:06:00,GEISI,Transferido,Faturado,20/08/2026 08:52:59,,,,,,,,,,,
3681,RETIRADA,HC,12609651,"R$ 691,00",CRATEUS,ENTREGUE,20/08/26,08:22:00,MASCILON,Transferido,Faturado,20/08/2026 10:59:24,,,,,,,,,,FELIPE,20/08/2026 11:00:05
3682,NORMAL,HC,12609655,"R$ 2.814,00",CRATEUS,ENTREGUE,20/08/26,08:32:00,NOBRE LAR,Transferido,Faturado,20/08/2026 10:42:53,,,,,,,,,,,
3683,NORMAL,HC,12609585,"R$ 999,40",CRATEUS,ENTREGUE,20/08/26,08:33:00,NOBRE LAR,Transferido,Faturado,20/08/2026 08:33:30,,,,,,,,,,,
3684,NORMAL,HC,12609657,"R$ 1.088,14",CRATEUS,ENTREGUE,20/08/26,08:38:00,CAMILA,Transferido,Faturado,20/08/2026 08:42:11,,,,,,,,,,FELIPE,20/08/2026 11:03:41
3685,URGENTE,HC,12609654,"R$ 828,75",CRATEUS,ENTREGUE,20/08/26,08:47:00,LEONARDO,Transferido,Faturado,,,JULIO,,20/08/26,15:17,,,,KIA BONGO,FELIPE,20/08/2026 11:03:19
3686,CARRO HORARIO,NLC,8507298,"R$ 253,00",CRATEUS,ENTREGUE,20/08/26,08:52:00,GEISI,Transferido,Faturado,20/08/2026 08:52:43,,,,,,,,,,,
3687,URGENTE,NLC,8507299,"R$ 300,00",CRATEUS,ENTREGUE,20/08/26,09:07:00,GEISI,Transferido,Faturado,20/08/2026 10:02:02,,,,,,,,,,,
3688,URGENTE,HC,12609666,"R$ 415,00",CRATEUS,ENTREGUE,20/08/26,09:41:00,CAMILA,Transferido,Faturado,20/08/2026 09:44:43,,,,,,,,,,,
3689,URGENTE,HC,12609667,"R$ 406,21",CRATEUS,ENTREGUE,20/08/26,09:55:00,LEONARDO,Transferido,Faturado,20/08/2026 09:55:20,,VICTOR,,21/08/26,09:54,,,,(N) ACELLO 815 156 CV,FELIPE,20/08/2026 11:01:32
3690,URGENTE,SGE,035778,"R$ 835,90",CRATEUS,ENTREGUE,20/0826,09:55:00,LEONARDO,Transferido,Faturado,20/08/2026 09:59:03,,,,,,,,,,FELIPE,20/08/2026 11:01:10
3691,URGENTE,HC,12609650,"R$ 267,60",CRATEUS,ENTREGUE,20/08/26,10:02:00,CAMILA,Transferido,Faturado,20/08/2026 10:04:03,,JULIO,,20/08/26,11:34,,,,KIA BONGO,,
3692,NORMAL,HC,12609670,"R$ 357,00",CRATEUS,ENTREGUE,20/08/26,10:01:00,CAMILA,Transferido,Faturado,20/08/2026 10:04:37,,,,,,,,SEM IPANEMA BEGE,,FELIPE,20/08/2026 11:02:24
3693,URGENTE,HC,12609669,"R$ 336,49",CRATEUS,ENTREGUE,20/08/26,10:52:00,MASCILON,Transferido,Faturado,20/08/2026 10:56:01,,,,,,,,,,,
3694,RETIRADA,HC,12609679,"R$ 1.239,03",CRATEUS,ENTREGUE,20/08/26,11:15:00,MASCILON,Transferido,Faturado,,,,,,,,,,,,
3695,NORMAL,HC,12609665,"R$ 410,00",CRATEUS,ENTREGUE,20/08/26,11:16:00,CAMILA,Transferido,Faturado,,,,,,,,,,,FELIPE,20/08/2026 15:31:54
3696,RETIRADA,HC,12609681,"R$ 1.341,60",CRATEUS,ENTREGUE,20/08/26,11:25:00,CAMILA,Transferido,Faturado,20/08/2026 11:25:30,,,,,,,,,,,
3697,URGENTE,HC,12609673,"R$ 393,90",CRATEUS,ENTREGUE,20/08/26,12:54:00,LEONARDO,Transferido,Faturado,20/08/2026 12:54:47,,,,,,,,,,FELIPE,20/08/2026 15:31:39
3698,NORMAL,HC,12609677,"R$ 185,00",CRATEUS,ENTREGUE,20/08/26,12:57:00,LIMA,Transferido,Faturado,20/08/2026 12:57:39,,,,,,,,,,FELIPE,20/08/2026 15:31:17
3699,NORMAL,NLC,8507300,"R$ 1.494,00",CRATEUS,ENTREGUE,20/08/26,13:37:00,GEISI,Transferido,Faturado,20/08/2026 13:37:40,,,,,,,,,,,
3700,CARRO HORARIO,HC,12609694,"R$ 955,24",CRATEUS,ENTREGUE,20/08/26,14:05:00,LEONARDO,Transferido,Faturado,20/08/2026 14:09:02,,,,,,,,,,FELIPE,20/08/2026 16:35:12
3701,NORMAL,HC,12609715,"R$ 1.166,00",CRATEUS,ENTREGUE,20/08/26,15:53:00,LEONARDO,Transferido,Faturado,20/08/2026 15:56:52,,JULIO,,21/08/26,15:15,,,,KIA BONGO,FELIPE,20/08/2026 16:34:58
3702,NORMAL,NLC,8507310,"R$ 311,69",CRATEUS,ENTREGUE,20/08/26,15:48:00,GEISI,Transferido,Faturado,20/08/2026 16:09:58,,,,,,,,,,,
3703,NORMAL,HC,12609716.,"R$ 4.302,00",CRATEUS,ENTREGUE,20/08/26,15:50:00,CAMILA,Transferido,Faturado,20/08/2026 15:54:20,,VICTOR,,22/08/26,10:22,,,,(N) ACELLO 815 156 CV,FELIPE,20/08/2026 16:34:36
3704,NORMAL,HC,12609705,"R$ 358,90",CRATEUS,ENTREGUE,20/08/26,16:22:00,CAMILA,Transferido,Faturado,20/08/2026 16:26:01,,JULIO,,21/08/26,16:03,,,,KIA BONGO,FELIPE,20/08/2026 16:34:12
3705,URGENTE,HC,12609724,"R$ 1.811,90",CRATEUS,ENTREGUE,20/08/26,16:35:00,MASCILON,Transferido,Faturado,20/08/2026 16:38:23,,,,,,,,,,,
3706,NORMAL,HC,12609725,"R$ 3.752,00",CRATEUS,ENTREGUE,20/08/26,16:41:00,NOBRE LAR,Transferido,Faturado,20/08/2026 16:42:03,,,,,,,,,,,
3707,URGENTE,HC,12609729,"R$ 317,84",CRATEUS,ENTREGUE,20/08/26,17:25:00,CAMILA,Transferido,Faturado,20/08/2026 17:25:44,,JULIO,,21/08/26,15:28,,,,KIA BONGO,,
3708,RETIRADA,HC,12609731,"R$ 403,00",CRATEUS,ENTREGUE,20/08/26,17:38:00,CAMILA,Transferido,Faturado,20/08/2026 17:38:43,,,,,,,,,,,
3709,NORMAL,HC,12609664,"R$ 8.760,15",INDEPENDENCIA,ENTREGUE,20/08/26,17:45:00,LIMA,Transferido,Faturado,20/08/2026 17:49:29,,VICTOR,,28/08/26,11:09,,,,(N) ACELLO 815 156 CV,,
3710,RETIRADA,HC,12609735,"R$ 279,71",CRATEUS,ENTREGUE,21/08/26,07:38:00,LEONARDO,Transferido,Faturado,21/08/2026 07:42:13,,,,,,,,,,,
3711,NORMAL,SGE,035779,"R$ 84,05",CRATEUS,ENTREGUE,21/08/26,08:22:00,CAMILA,Transferido,Faturado,21/08/2026 08:22:48,,,,,,,,,,,
3712,NORMAL,HC,12608927,"R$ 6.113,48",CRATEUS,ENTREGUE,21/08/26,08:23:00,MASCILON,Transferido,Faturado,21/08/2026 08:24:01,,,,,,,,,,,
3713,NORMAL,HC,12608926,"R$ 13.600,00",CRATEUS,ENTREGUE,21/08/26,08:25:00,MASCILON,Transferido,Faturado,21/08/2026 08:25:17,,VICTOR,,31/08/26,09:27,,,,(N) ACELLO 815 156 CV,,
3714,CARRO HORARIO,NLC,8507316,"73,6",CRATEUS,ENTREGUE,21/08/26,09:12:00,GEISI,Transferido,Faturado,21/08/2026 09:23:36,,,,,,,,,,,
3715,RETIRADA,HC,12609736,"R$ 148,00",CRATEUS,ENTREGUE,21/08/26,09:15:00,MASCILON,Transferido,Faturado,21/08/2026 09:19:25,,,,,,,,,,,
3716,NORMAL,HC,12609751,"R$ 1.298,00",CRATEUS,ENTREGUE,21/08/26,09:21:00,CAMILA,Transferido,Faturado,21/08/2026 09:21:45,,,,,,,,,,FELIPE,21/08/2026 09:51:18
3717,RETIRADA,SGE,035781,"R$ 40,00",CRATEUS,ENTREGUE,21/08/26,09:37:00,MASCILON,Transferido,Faturado,21/08/2026 09:37:41,,,,,,,,,,,
3718,NORMAL,HC,12609756,"R$ 1.333,00",CRATEUS,ENTREGUE,21/08/26,09:51:00,CAMILA,Transferido,Faturado,21/08/2026 09:55:36,,,,,,,,,,FELIPE,21/08/2026 11:09:21
3719,CARRO HORARIO,NLC,8507317,"R$ 149,90",CRATEUS,ENTREGUE,21/08/26,09:56:00,GEISI,Transferido,Faturado,21/08/2026 10:07:10,,,,,,,,,,,
3720,CARRO HORARIO,NLC,8507319,"R$ 116,90",CRATEUS,ENTREGUE,21/08/26,10:18:00,GEISI,Transferido,Faturado,21/08/2026 11:06:26,,,,,,,,,,,
3721,RETIRADA,NLC,8507318,"R$ 775,61",IBIAPABA,ENTREGUE,21/08/26,10:19:00,GEISI,Transferido,Faturado,21/08/2026 12:05:18,,,,,,,,,,,
3722,RETIRADA,HC,12609763,"R$ 882,91",CRATEUS,ENTREGUE,21/08/26,10:21:00,MASCILON,Transferido,Faturado,21/08/2026 10:21:47,,,,,,,,,,,
3723,NORMAL,HC,12609741,"R$ 335,85",CRATEUS,ENTREGUE,21/08/26,10:29:00,LIMA,Transferido,Faturado,21/08/2026 10:30:02,,,,,,,,,,FELIPE,21/08/2026 11:09:08
3724,RETIRADA,HC,12609767,"R$ 229,00",CRATEUS,ENTREGUE,21/08/26,10:43:00,MASCILON,Transferido,Faturado,21/08/2026 10:43:34,,,,,,,,,,,
3725,URGENTE,HC,12609588,"R$ 615,00",CRATEUS,ENTREGUE,21/08/26,10:57:00,LEONARDO,Transferido,Faturado,21/08/2026 11:01:42,,,,,,,,,,FELIPE,21/08/2026 11:08:49
3726,NORMAL,HC,12609749,"R$ 320,60",CRATEUS,ENTREGUE,21/08/26,11:53:00,MASCILON,Transferido,Faturado,21/08/2026 11:53:42,,,,,,,,,,FELIPE,24/08/2026 11:02:53
3727,NORMAL,NLC, ,"R$ 1.716,58",CRATEUS,ENTREGUE,21/08/26,12:03:00,GEISI,Transferido,Faturado,21/08/2026 12:57:11,,JULIO,,25/08/26,10:40,,,,KIA BONGO,,
3728,NORMAL,HC,12609782,"R$ 756,47",CRATEUS,ENTREGUE,21/08/26,12:55:00,MASCILON,Transferido,Faturado,21/08/2026 12:56:10,,,,,,,,SEM IPANEMA BEGE,,FELIPE,24/08/2026 09:21:00
3729,NORMAL,HC,12609784,"R$ 336,49",CRATEUS,ENTREGUE,21/08/26,13:11:00,MASCILON,Transferido,Faturado,21/08/2026 13:11:30,,,,,,,,,,FELIPE,24/08/2026 09:20:38
3730,URGENTE,NLC,8507327,"R$ 293,40",CRATEUS,ENTREGUE,21/08/26,13:12:00,GEISI,Transferido,Faturado,21/08/2026 13:26:02,,,,,,,,,,,
3731,NORMAL,HC,12609786,"R$ 654,81",CRATEUS,ENTREGUE,21/08/26,13:18:00,MASCILON,Transferido,Faturado,21/08/2026 13:18:47,,JULIO,,24/08/26,11:14,,,,KIA BONGO,FELIPE,24/08/2026 09:20:26
3732,NORMAL,HC,12609765,"R$ 1.006,00",CRATEUS,ENTREGUE,21/08/26,13:34:00,CAMILA,Transferido,Faturado,21/08/2026 13:38:32,,,,,,,,,,FELIPE,24/08/2026 16:14:27
3733,NORMAL,HC,12609788,"R$ 23,90",CRATEUS,ENTREGUE,21/08/26,14:14:00,CAMILA,Transferido,Faturado,21/08/2026 14:17:53,,,,,,,,,,FELIPE,24/08/2026 16:14:13
3734,URGENTE,HC,12609791,"R$ 174,50",CRATEUS,ENTREGUE,21/08/26,14:45:00,LEONARDO,Transferido,Faturado,21/08/2026 16:47:48,,,,,,,,,,FELIPE,24/08/2026 11:09:10
3735,NORMAL,HC,12609792,"R$ 2.765,36",CRATEUS,ENTREGUE,21/08/26,14:57:00,CAMILA,Transferido,Faturado,21/08/2026 14:57:35,,JULIO,,22/08/26,10:13,,,,KIA BONGO,FELIPE,24/08/2026 16:13:56
3736,CARRO HORARIO,HC,12609801,"R$ 317,84",CRATEUS,ENTREGUE,21/08/26,16:40:00,CAMILA,Transferido,Faturado,21/08/2026 16:40:13,,,,,,,,,,FELIPE,24/08/2026 16:12:50
3737,NORMAL,HC,12609802,"R$ 2.561,34",CRATEUS,ENTREGUE,21/08/26,16:53:00,LIMA,Transferido,Faturado,21/08/2026 16:53:57,,,,,,,,SEM IPANEMA BEGE,,FELIPE,24/08/2026 11:08:03
3738,NORMAL,HC,12609808,"R$ 836,56",VILA GRACA,ENTREGUE,21/08/26,17:06:00,LIMA,Transferido,Faturado,21/08/2026 17:07:25,,,,,,,,,,FELIPE,24/08/2026 11:07:26
3739,RETIRADA,HC,12609871,"R$ 262,00",CRATEUS,ENTREGUE,21/08/26,17:11:00,CAMILA,Transferido,Faturado,21/08/2026 17:11:13,,,,,,,,,,,
3740,NORMAL,HC,12609810,"R$ 157,80",CRATEUS,ENTREGUE,21/08/26,17:11:00,LIMA,Transferido,Faturado,21/08/2026 17:15:22,,JULIO,,22/08/26,10:19,,,,KIA BONGO,FELIPE,24/08/2026 16:13:36
3741,NORMAL,HC,12609790,"R$ 4.180,47",INDEPENDENCIA,ENTREGUE,21/08/26,17:37:00,MASCILON,Transferido,Faturado,21/08/2026 17:40:52,,VICTOR,,28/08/26,11:46,,,,(N) ACELLO 815 156 CV,FELIPE,24/08/2026 11:07:11
3742,NORMAL,HC,12609823,"R$ 3.752,00",CRATEUS,ENTREGUE,21/08/26,07:27:00,NOBRE LAR,Transferido,Faturado,22/08/2026 07:31:07,,,,,,,,,,FELIPE,24/08/2026 11:06:41
3743,RETIRADA,HC,12609826,"R$ 88,77",CRATEUS,ENTREGUE,22/08/26,07:56:00,LIMA,Transferido,Faturado,22/08/2026 07:59:36,,,,,,,,,,,
3744,NORMAL,HC,12609829,"R$ 516,90",IPAPORANGA,ENTREGUE,22/08/26,08:18:00,LIMA,Transferido,Faturado,22/08/2026 08:27:59,,,,,,,,,,FELIPE,24/08/2026 11:06:05
3745,NORMAL,NLC,,"R$ 887,14",CRATEUS,ENTREGUE,22/08/26,08:46:00,GEISI,Transferido,Faturado,22/08/2026 11:46:40,,,,,,,,,,,
3746,NORMAL,NLC,8507336,"R$ 1.123,00",IPAPORANGA,ENTREGUE,22/08/26,09:50:00,GEISI,Transferido,Faturado,22/08/2026 11:46:44,,JULIO,,25/08/26,11:43,,,,KIA BONGO,,
3747,RETIRADA,HC,12609838,"R$ 510,00",CRATEUS,ENTREGUE,22/08/26,09:57:00,CAMILA,Transferido,Faturado,22/08/2026 10:01:26,,,,,,,,,,,
3748,RETIRADA,HC,12609889,"R$ 2.319,50",CRATEUS,ENTREGUE,22/08/26,10:16:00,LIMA,Transferido,Faturado,22/08/2026 10:17:11,,,,,,,,,,,
3749,URGENTE,HC,12609840,"R$ 1.039,00",CRATEUS,ENTREGUE,22/08/26,10:21:00,MASCILON,Transferido,Faturado,22/08/2026 10:21:35,,PAULO FELIPE,,24/08/26,12:31,,,,TITAN 160 START,FELIPE,24/08/2026 11:05:47
3750,URGENTE,NLC,8507344,"R$ 1.117,84",CRATEUS,ENTREGUE,22/08/26,10:33:00,GEISI,Transferido,Faturado,22/08/2026 11:42:26,,JULIO,,24/08/26,09:17,,,,KIA BONGO,,
3751,URGENTE,HC,12609837,"R$ 2.750,00",CRATEUS,ENTREGUE,22/08/26,10:34:00,LEONARDO,Transferido,Faturado,22/08/2026 11:05:05,,JULIO,,24/08/26,08:43,,,,KIA BONGO,FELIPE,24/08/2026 09:19:07
3752,URGENTE,HC,12609847,"R$ 647,90",CRATEUS,ENTREGUE,22/08/26,11:11:00,LIMA,Transferido,Faturado,22/08/2026 11:11:54,,,,,,,,,,FELIPE,24/08/2026 11:05:29
3753,NORMAL,NLC,8507328,"R$ 2.035,50",IPAPORANGA,ENTREGUE,22/08/26,11:24:00,GEISI,Transferido,Faturado,22/08/2026 11:48:22,,VICTOR,,27/08/26,09:42,,,,(N) ACELLO 815 156 CV,,
3754,URGENTE,HC,12609822,"R$ 435,00",CRATEUS,ENTREGUE,22/08/26,11:50:00,MASCILON,Transferido,Faturado,22/08/2026 11:50:30,,,,,,,,,,,
3755,RETIRADA,HC,12609872,"R$ 130,00",CRATEUS,ENTREGUE,22/08/26,12:59:00,LIMA,Transferido,Faturado,22/08/2026 13:00:08,,,,,,,,,,,
3756,CARRO HORARIO,NLC,8507351,"R$ 160,00",MONTE NEBO,ENTREGUE,24/08/26,07:43:00,GEISI,Transferido,Faturado,24/08/2026 08:01:01,,,,,,,,,,,
3757,NORMAL,HC,12609887,"R$ 199,37",CRATEUS,ENTREGUE,24/08/26,08:22:00,LEONARDO,Transferido,Faturado,24/08/2026 08:22:51,,,,,,,,,,FELIPE,24/08/2026 09:18:42
3758,RETIRADA,HC,12609890,"R$ 29,80",CRATEUS,ENTREGUE,24/08/26,08:26:00,LEONARDO,Transferido,Faturado,24/08/2026 08:29:00,,,,,,,,,,,
3759,NORMAL,HC,12609899,"R$ 305,00",CRATEUS,ENTREGUE,24/08/26,08:59:00,CAMILA,Transferido,Faturado,24/08/2026 09:02:59,,,,,,,,,,FELIPE,24/08/2026 09:18:16
3760,RETIRADA,HC,12609904,"R$ 665,32",CRATEUS,ENTREGUE,24/08/26,09:31:00,MASCILON,Transferido,Faturado,24/08/2026 09:34:52,,,,,,,,,,,
3761,RETIRADA,HC,12609909,"R$ 29,90",CRATEUS,ENTREGUE,26/08/14,09:34:00,CAMILA,Transferido,Faturado,24/08/2026 09:38:07,,,,,,,,,,,
3762,NORMAL,NLC,8507356,"R$ 1.390,00",CRATEUS,AGENDADA,24/08/26,09:42:00,GEISI,Transferido,Faturado,24/08/2026 12:27:18,,,,,,,,,,,
3763,NORMAL,HC,12609907,"R$ 623,36",CRATEUS,ENTREGUE,24/08/26,09:39:00,CAMILA,Transferido,Faturado,24/08/2026 09:43:00,,JULIO,,25/08/26,09:44,,,,KIA BONGO,FELIPE,24/08/2026 11:01:47
3764,URGENTE,NLC,8507357,"R$ 749,55",CRATEUS,ENTREGUE,24/08/26,09:43:00,GEISI,Transferido,Faturado,24/08/2026 12:27:18,,JULIO,,25/08/26,09:25,,,,KIA BONGO,,
3765,NORMAL,NLC,8507359,"R$ 283,00",CRATEUS,ENTREGUE,24/08/26,10:10:00,GEISI,Transferido,Faturado,24/08/2026 12:27:21,,,,,,,,,,,
3766,RETIRADA,HC,12609914,"R$ 1.007,40",CRATEUS,ENTREGUE,24/08/26,10:13:00,MASCILON,Transferido,Faturado,24/08/2026 10:17:32,,,,,,,,,,,
3767,URGENTE,HC,12609896,"R$ 6.911,70",CRATEUS,ENTREGUE,24/08/26,10:27:00,LEONARDO,Transferido,Faturado,24/08/2026 10:28:14,,,,,,,,,,FELIPE,24/08/2026 11:01:25
3768,NORMAL,HC,12609915,"R$ 828,00",INDEPENDENCIA,ENTREGUE,24/08/26,10:37:00,MIKHAELL,Transferido,Faturado,24/08/2026 10:40:05,,VICTOR,,28/08/26,12:04,,,,(N) ACELLO 815 156 CV,FELIPE,24/08/2026 11:01:06
3769,NORMAL,HC,12609924,"R$ 386,40",CRATEUS,ENTREGUE,24/08/26,10:46:00,MASCILON,Transferido,Faturado,24/08/2026 10:46:28,,JULIO,,25/08/26,08:21,,,,KIA BONGO,FELIPE,24/08/2026 11:00:47
3770,NORMAL,HC,12609923,"R$ 3.752,00",CRATEUS,ENTREGUE,24/08/26,10:46:00,NOBRE LAR,Transferido,Faturado,24/08/2026 10:49:51,,,,,,,,,,FELIPE,24/08/2026 11:00:18
3771,NORMAL,HC,12609897,"R$ 378,00",CRATEUS,ENTREGUE,24/08/26,10:53:00,NOBRE LAR,Transferido,Faturado,24/08/2026 10:53:42,,,,,,,,,,,
3772,NORMAL,HC,12609894,"R$ 405,60",CRATEUS,ENTREGUE,24/08/26,10:54:00,NOBRE LAR,Transferido,Faturado,24/08/2026 10:54:26,,,,,,,,,,,
3773,NORMAL,HC,12609891,"R$ 2.435,80",CRATEUS,ENTREGUE,24/08/26,10:55:00,NOBRE LAR,Transferido,Faturado,24/08/2026 10:55:18,,,,,,,,,,,
3774,NORMAL,NLC,8507361,"R$ 320,00",CRATEUS,ENTREGUE,24/08/26,10:59:00,GEISI,Transferido,Faturado,24/08/2026 12:27:25,,JULIO,,25/08/26,08:38,,,,KIA BONGO,,
3775,URGENTE,NLC,8507364,"R$ 410,00",CRATEUS,ENTREGUE,24/08/26,11:13:00,GEISI,Transferido,Faturado,24/08/2026 12:27:27,,,,,,,,,,,
3776,NORMAL,HC,12609930,"R$ 586,00",CRATEUS,ENTREGUE,24/08/26,11:20:00,LIMA,Transferido,Faturado,24/08/2026 11:22:02,,,,,,,,,,FELIPE,24/08/2026 16:12:11
3777,RETIRADA,HC,12609932,"R$ 405,00",CRATEUS,ENTREGUE,24/08/26,11:34:00,CAMILA,Transferido,Faturado,24/08/2026 11:34:18,,,,,,,,,,,
3778,NORMAL,HC,12609937,"R$ 551,32",CRATEUS,ENTREGUE,24/08/26,13:27:00,LEONARDO,Transferido,Faturado,24/08/2026 12:50:50,,JULIO,,25/08/26,15:42,,,,KIA BONGO,FELIPE,26/08/2026 09:05:52
3779,URGENTE,HC,12609942,"R$ 100,00",CRATEUS,ENTREGUE,24/08/26,13:55:00,LEONARDO,Transferido,Faturado,24/08/2026 13:59:18,,,,,,,,,,FELIPE,24/08/2026 16:11:50
3780,RETIRADA,HC,12609941,"R$ 1.047,85",CRATEUS,ENTREGUE,24/08/26,14:26:00,CAMILA,Transferido,Faturado,,,,,,,,,,,,
3781,NORMAL,HC,12609947,"R$ 233,80",CRATEUS,ENTREGUE,24/08/26,14:40:00,LEONARDO,Transferido,Faturado,24/08/2026 14:44:31,,,,,,,,,,FELIPE,24/08/2026 16:09:26
3782,CARRO HORARIO,NLC,8507376,"R$ 290,00",CRATEUS,ENTREGUE,24/08/26,14:53:00,GEISI,Transferido,Faturado,25/08/2026 08:09:15,,,,,,,,,,,
3783,URGENTE,HC,12609952,"R$ 409,60",CRATEUS,ENTREGUE,24/08/26,15:46:00,CAMILA,Transferido,Faturado,24/08/2026 15:46:41,,,,,,,,,,FELIPE,24/08/2026 16:09:02
3784,URGENTE,HC,12609951,"R$ 5.495,19",CRATEUS,ENTREGUE,24/08/26,15:51:00,LEONARDO,Transferido,Faturado,24/08/2026 15:55:06,,JULIO,,27/08/26,17:43,,,,HR 100 CV,FELIPE,24/08/2026 16:08:30
3785,NORMAL,NLC,8507373,"R$ 2.998,20",NOVA RUSSAS,AGENDADA,24/08/26,15:54:00,GEISI,Transferido,Faturado,24/08/2026 15:54:23,,,,,,,,,,,
3786,NORMAL,HC,12609954,"R$ 1.327,20",CRATEUS,ENTREGUE,24/08/26,15:57:00,EDVALDO,Transferido,Faturado,24/08/2026 15:58:12,,,,,,,,,,,
3787,URGENTE,HC,12609949,"R$ 685,00",CRATEUS,ENTREGUE,24/08/26,16:15:00,LIMA,Transferido,Faturado,24/08/2026 16:15:24,,,,,,,,,,,
3788,NORMAL,HC,12609945,"R$ 213,90",CRATEUS,ENTREGUE,24/08/26,16:16:00,CAMILA,Transferido,Faturado,24/08/2026 16:19:33,,,,,,,,,,FELIPE,26/08/2026 09:07:05
3789,NORMAL,HC,12609926,"R$ 3.740,28",CRATEUS,ENTREGUE,24/08/26,17:43:00,MASCILON,Transferido,Faturado,24/08/2026 17:47:24,,JULIO,,31/08/26,10:45,,,,KIA BONGO,FELIPE,26/08/2026 09:05:32
3790,PROGRAMADO,HC,12609972,"R$ 820,00",CRATEUS,ENTREGUE,24/08/26,18:06:00,MASCILON,Transferido,Faturado,24/08/2026 18:08:35,,JULIO,,31/08/26,16:08,,,,KIA BONGO,FELIPE,26/08/2026 09:06:37
3791,RETIRADA,HC,12609974,"R$ 114,87",CRATEUS,ENTREGUE,25/08/26,07:14:00,MASCILON,Transferido,Faturado,25/08/2026 07:18:05,,,,,,,,,,,
3792,NORMAL,NLC,8507380,"R$ 153,90",CRATEUS,ENTREGUE,25/08/26,08:09:00,GEISI,Transferido,Faturado,25/08/2026 15:57:02,,,,,,,A RECEBER,,,,
3793,NORMAL,HC,12609990,"R$ 370,00",CRATEUS,ENTREGUE,25/08/26,08:47:00,LEONARDO,Transferido,Faturado,25/08/2026 08:51:16,,,,,,,,,,FELIPE,26/08/2026 09:05:02
3794,RETIRADA,NLC,8507382,"R$ 238,00",CRATEUS,ENTREGUE,25/08/26,09:10:00,GEISI,Transferido,Faturado,25/08/2026 15:56:58,,,,,,,,,,,
3795,NORMAL,HC,12609996,"R$ 8.560,00",CRATEUS,ENTREGUE,25/08/26,09:37:00,CAMILA,Transferido,Faturado,25/08/2026 09:37:49,,VICTOR,,29/08/26,09:04,,,,(N) ACELLO 815 156 CV,FELIPE,26/08/2026 09:04:44
3796,NORMAL,HC,126010006,"R$ 141,00",CRATEUS,AGENDADA,25/08/26,10:03:00,MASCILON,Transferido,Faturado,25/08/2026 10:07:09,,,,,,,,,,FELIPE,26/08/2026 09:04:32
3797,CARRO HORARIO,NLC,8507385,"R$ 794,00",CRATEUS,ENTREGUE,25/08/26,10:17:00,GEISI,Transferido,Faturado,25/08/2026 13:17:10,,,,,,,,,,,
3798,URGENTE,NLC,8507387,"R$ 499,70",CRATEUS,ENTREGUE,25/08/26,10:21:00,GEISI,Transferido,Faturado,25/08/2026 13:18:09,,,,,,,,,,,
3799,RETIRADA,HC,126010011,"R$ 110,70",CRATEUS,ENTREGUE,25/08/26,10:32:00,LIMA,Transferido,Faturado,25/08/2026 10:32:52,,,,,,,,,,,
3800,URGENTE,HC,12609973,"R$ 267,60",CRATEUS,ENTREGUE,25/08/26,10:48:00,MASCILON,Transferido,Faturado,25/08/2026 10:49:17,,,,,,,,,,,
3801,RETIRADA,HC,126010012,"R$ 675,00",CRATEUS,ENTREGUE,25/08/26,10:50:00,CAMILA,Transferido,Faturado,,,,,,,,,,,,
3802,NORMAL,HC,126010015,"R$ 276,90",CRATEUS,ENTREGUE,25/08/26,10:52:00,CAMILA,Transferido,Faturado,25/08/2026 10:56:29,,,,,,,,,,FELIPE,26/08/2026 09:04:15
3803,NORMAL,HC,12609845,"R$ 13.708,84",REALEJO,ENTREGUE,25/08/26,10:55:00,LEONARDO,Transferido,Faturado,25/08/2026 10:55:19,,,,,,,,Faltou 1 cx Gioia oro(quebrada),,FELIPE,26/08/2026 09:02:18
3804,NORMAL,HC,12609962,"R$ 3.858,40",CRATEUS,ENTREGUE,25/08/26,11:13:00,CAMILA,Transferido,Faturado,25/08/2026 11:17:06,,JULIO,,25/08/26,16:26,,,,KIA BONGO,FELIPE,26/08/2026 09:03:49
3805,NORMAL,HC,126010022,"R$ 2.457,00",CRATEUS,ENTREGUE,25/08/26,11:24:00,MIKHAELL,Transferido,Faturado,25/08/2026 11:25:02,,,,,,,,,,,
3806,URGENTE,NLC,8507391,"R$ 759,50",CRATEUS,ENTREGUE,25/08/26,11:28,GEISI,Transferido,Faturado,25/08/2026 15:23:02,,,,,,,,,,,
3807,NORMAL,SGE,035784,"R$ 268,90",REALEJO,ENTREGUE,25/08/26,11:31:00,LEONARDO,Transferido,Faturado,25/08/2026 11:31:20,,,,,,,,,,FELIPE,26/08/2026 09:02:04
3808,NORMAL,HC,126010027,"R$ 269,55",IPAPORANGA,AGENDADA,25/08/26,12:01:00,MASCILON,Transferido,Faturado,25/08/2026 12:01:48,,,,,,,,,,FELIPE,26/08/2026 09:03:30
3809,RETIRADA,HC,126010014,"R$ 6.138,43",CRATEUS,ENTREGUE,25/08/26,12:29:00,MASCILON,Pendente,Pendente,,,,,,,,,,,,
3810,URGENTE,HC,126010044,"R$ 398,00",CRATEUS,ENTREGUE,25/08/26,14:06:00,CAMILA,Transferido,Faturado,25/08/2026 14:09:46,,JULIO,,25/08/26,15:23,,,,KIA BONGO,FELIPE,27/08/2026 09:04:47
3811,URGENTE,HC,126010046,"R$ 97,00",INDEPENDENCIA,ENTREGUE,25/08/26,14:12:00,CAMILA,Transferido,Faturado,25/08/2026 14:16:17,,JULIO,,25/08/26,15:09,,,,KIA BONGO,FELIPE,27/08/2026 09:03:32
3812,NORMAL,NLC,8507393,"R$ 4.368,46",IPAPORANGA,ENTREGUE,25/08/26,14:45:00,GEISI,Transferido,Faturado,25/08/2026 14:46:03,,VICTOR,,01/09/26,09:45,,,,(N) ACELLO 815 156 CV,,
3813,NORMAL,HC,126010042,"R$ 2.332,88",CRATEUS,ENTREGUE,25/08/26,14:55:00,LIMA,Transferido,Faturado,25/08/2026 14:58:42,,JULIO,,27/08/26,08:30,,,,HR 100 CV,FELIPE,27/08/2026 09:05:11
3814,NORMAL,NLC,8507395,"R$ 227,81",INDEPENDENCIA,AGENDADA,25/08/26,15:07:00,GEISI,Transferido,Faturado,25/08/2026 15:25:06,,,,,,,,,,,
3815,RETIRADA,NLC,8507379,"R$ 327,37",CRATEUS,ENTREGUE,25/08/26,15:21:00,GEISI,Transferido,Faturado,25/08/2026 15:21:43,,,,,,,,,,,
3816,NORMAL,HC,12609997,"R$ 138,00",CRATEUS,ENTREGUE,25/08/26,15:41:00,MASCILON,Transferido,Faturado,25/08/2026 15:41:25,,,,,,,,,,FELIPE,26/08/2026 08:59:28
3817,NORMAL,NLC,8507396,"R$ 120,00",CRATEUS,ENTREGUE,25/08/26,15:56:00,GEISI,Transferido,Faturado,25/08/2026 16:49:11,,,,,,,,,,,
3818,RETIRADA,HC,126010055,"R$ 1.752,08",CRATEUS,ENTREGUE,25/08/26,15:58:00,CAMILA,Transferido,Faturado,25/08/2026 15:58:50,,,,,,,,,,,
3819,RETIRADA,HC,126010057,"R$ 137,31",CRATEUS,ENTREGUE,25/08/26,16:00:00,CAMILA,Transferido,Faturado,25/08/2026 16:00:26,,,,,,,,,,,
3820,RETIRADA,HC,12609721,"R$ 2.561,80",CRATEUS,ENTREGUE,25/08/26,16:04:00,CAMILA,Transferido,Faturado,25/08/2026 16:07:30,,,,,,,,,,,
3821,URGENTE,NLC,8507334,"R$ 887,00",CRATEUS,ENTREGUE,25/08/26,16:40:00,GEISI,Transferido,Faturado,25/08/2026 16:53:12,,,,,,,,,,,
3822,NORMAL,HC,126010064,"R$ 117,00",CRATEUS,ENTREGUE,28/08/26,17:07:00,LIMA,Transferido,Faturado,25/08/2026 17:07:41,,JULIO,,26/08/26,09:30,,,,KIA BONGO,FELIPE,26/08/2026 08:58:58
3823,URGENTE,HC,12601065,"R$ 209,48",CRATEUS,ENTREGUE,25/08/26,17:18:00,MIKHAELL,Transferido,Faturado,25/08/2026 17:22:00,,,,,,,,,,,
3824,NORMAL,HC,126010009,"R$ 2.392,00",CRATEUS,ENTREGUE,25/08/26,17:28:00,MASCILON,Transferido,Faturado,25/08/2026 17:28:55,,JULIO,,27/08/26,10:45,,,,HR 100 CV,FELIPE,26/08/2026 08:58:38
3825,CARRO HORARIO,HC,126010077,"R$ 236,50",CRATEUS,CANCELADO,26/08/26,08:12:00,MASCILON,Transferido,Faturado,26/08/2026 08:12:26,,,,,,,,,,FELIPE,26/08/2026 08:58:18
3826,NORMAL,HC,126010081,"R$ 1.499,10",CRATEUS,ENTREGUE,26/08/26,08:34:00,NOBRE LAR,Transferido,Faturado,26/08/2026 08:35:21,,,,,,,,,,,
3827,NORMAL,HC,126010082,"R$ 1.099,34",CRATEUS,ENTREGUE,26/08/26,08:35:00,NOBRE LAR,Transferido,Faturado,26/08/2026 08:35:53,,,,,,,,,,,
3828,CARRO HORARIO,NLC,8507400,"R$ 532,00",CRATEUS,ENTREGUE,26/08/26,08:54:00,GEISI,Transferido,Faturado,26/08/2026 10:12:38,,,,,,,,,,,
3829,NORMAL,HC,126010094,"R$ 287,40",CRATEUS,ENTREGUE,26/08/26,09:28:00,MASCILON,Transferido,Faturado,26/08/2026 09:28:53,,,,,,,,,,,
3830,NORMAL,HC,126010076,"R$ 442,80",CRATEUS,ENTREGUE,26/08/26,09:30:00,MASCILON,Transferido,Faturado,26/08/2026 09:30:55,,,,,,,,,,,
3831,NORMAL,HC,126010075,"R$ 295,50",CRATEUS,ENTREGUE,26/08/26,09:46:00,MASCILON,Transferido,Faturado,26/08/2026 09:46:33,,,,,,,,,,FELIPE,27/08/2026 09:09:38
3832,RETIRADA,HC,126010103,"R$ 158,00",CRATEUS,ENTREGUE,26/08/26,10:12:00,CAMILA,Transferido,Faturado,26/08/2026 10:13:10,,,,,,,,,,,
3833,RETIRADA,HC,126010106,"R$ 49,99",CRATEUS,ENTREGUE,26/08/26,10:21:00,LEONARDO,Transferido,Faturado,26/08/2026 10:21:27,,,,,,,,,,,
3834,RETIRADA,HC,126010105,"R$ 1.106,20",CRATEUS,ENTREGUE,26/08/26,10:52:00,MASCILON,Transferido,Faturado,26/08/2026 10:56:23,,,,,,,,,,,
3835,RETIRADA,NLC,8507405,"R$ 15,60",CRATEUS,ENTREGUE,26/08/26,10:32:00,GEISI,Transferido,Faturado,08/09/2026 12:29:33,,,,,,,,,,,
3836,RETIRADA,HC,126010112,"R$ 486,78",CRATEUS,ENTREGUE,26/08/26,10:53:00,LEONARDO,Transferido,Faturado,26/08/2026 10:53:22,,,,,,,,,,,
3837,NORMAL,HC,,"R$ 216,90",CRATEUS,ENTREGUE,26/08/26,10:57:00,LIMA,Transferido,Faturado,26/08/2026 10:57:37,,,,,,,,,,FELIPE,27/08/2026 09:09:17
3838,NORMAL,HC,126010096,"R$ 405,90",CRATEUS,ENTREGUE,26/08/26,10:57:00,MASCILON,Transferido,Faturado,26/08/2026 10:57:43,,JULIO,,27/08/26,10:46,,,,HR 100 CV,FELIPE,27/08/2026 09:09:03
3839,NORMAL,NLC,8507407,"R$ 3.289,95",INDEPENDENCIA,AGENDADA,26/08/26,11:35:00,GEISI,Transferido,Faturado,26/08/2026 14:21:42,,,,,,,,,,,
3840,RETIRADA,SGE,035788,"R$ 66,00",CRATEUS,ENTREGUE,26/08/26,11:35:00,MASCILON,Transferido,Faturado,26/08/2026 11:36:09,,,,,,,,,,,
3841,NORMAL,HC,126010117,"R$ 2.090,00",CRATEUS,ENTREGUE,26/08/26,11:51:00,LEONARDO,Transferido,Faturado,26/08/2026 11:51:15,,JULIO,,28/08/26,12:10,,,,KIA BONGO,FELIPE,27/08/2026 09:08:48
3842,NORMAL,HC,126010120,"R$ 3.522,00",PORANGA,ENTREGUE,26/08/26,12:18:00,MASCILON,Transferido,Faturado,26/08/2026 12:18:45,,VICTOR,,01/09/26,13:24,,,,(N) ACELLO 815 156 CV,FELIPE,27/08/2026 09:08:33
3843,NORMAL,HC,126010125,"R$ 2.444,10",IPAPORANGA,ENTREGUE,26/08/26,13:04:00,CAMILA,Transferido,Faturado,26/08/2026 13:04:14,,VICTOR,,01/09/26,11:21,,,,(N) ACELLO 815 156 CV,FELIPE,27/08/2026 09:08:16
3844,RETIRADA,HC,126010127,"R$ 88,30",CRATEUS,ENTREGUE,26/08/26,13:08:00,CAMILA,Transferido,Faturado,26/08/2026 13:08:59,,,,,,,,,,FELIPE,27/08/2026 09:08:00
3845,URGENTE,HC,126010129,"R$ 385,10",CRATEUS,ENTREGUE,26/08/26,13:22:00,CAMILA,Transferido,Faturado,26/08/2026 13:22:38,,,,,,,,,,FELIPE,27/08/2026 09:07:43
3846,URGENTE,NLC,8507411,168,CRATEUS,ENTREGUE,26/08/26,13:35:00,GEISI,Transferido,Faturado,27/08/2026 09:11:43,,,,,,,,,,,
3847,URGENTE,HC,126010132,"R$ 370,00",CRATEUS,ENTREGUE,26/08/26,13:50:00,CAMILA,Transferido,Faturado,26/08/2026 13:50:44,,,,,,,,,,FELIPE,27/08/2026 09:07:24
3848,NORMAL,HC,126010060,"R$ 1.293,00",CRATEUS,ENTREGUE,26/08/26,13:56,MASCILON,Transferido,Faturado,26/08/2026 13:56:57,,,,,,,,,,FELIPE,27/08/2026 09:07:09
3849,RETIRADA,HC,126010139,"R$ 229,00",CRATEUS,ENTREGUE,26/08/26,14:21:00,MASCILON,Transferido,Faturado,26/08/2026 14:21:43,,,,,,,,,,,
3850,RETIRADA,HC,126010142,"R$ 23,30",CRATEUS,ENTREGUE,26/08/26,14:40:00,LEONARDO,Transferido,Faturado,26/08/2026 14:40:59,,,,,,,,,,,
3851,NORMAL,HC,126010144,"R$ 1.134,30",TAMBORIL,AGENDADA,26/08/26,15:24:00,MIKHAELL,Transferido,Faturado,26/08/2026 16:22:13,,,,,,,,,,FELIPE,27/08/2026 09:06:29
3852,NORMAL,NLC,8507414,"R$ 3.499,50",CRATEUS,ENTREGUE,26/08/26,15:57:00,GEISI,Transferido,Faturado,26/08/2026 16:15:36,,,,,,,,,,,
3853,NORMAL,HC,126010149,"R$ 2.155,90",INDEPENDENCIA,ENTREGUE,26/08/26,16:04:00,CAMILA,Transferido,Faturado,26/08/2026 16:04:53,,VICTOR,,28/08/26,10:33,,,,(N) ACELLO 815 156 CV,FELIPE,27/08/2026 09:06:47
3854,RETIRADA,HC,126010150,"R$ 205,00",INDEPENDENCIA,ENTREGUE,26/08/26,16:37:00,LEONARDO,Transferido,Faturado,26/08/2026 16:37:44,,,,,,,,,,,
3855,RETIRADA,HC,126010152,"R$ 399,00",CRATEUS,ENTREGUE,26/08/26,16:45:00,CAMILA,Transferido,Faturado,26/08/2026 17:11:08,,,,,,,,,,,
3856,RETIRADA,HC,126010126,"R$ 276,00",CRATEUS,ENTREGUE,27/08/26,07:25:00,CAMILA,Transferido,Faturado,27/08/2026 07:25:59,,,,,,,,,,FELIPE,27/08/2026 09:06:09
3857,RETIRADA,HC,126010161,"R$ 83,90",CRATEUS,ENTREGUE,27/08/26,07:45:00,MASCILON,Transferido,Faturado,27/08/2026 07:45:57,,,,,,,,,,,
3858,RETIRADA,HC,126010162,"R$ 143,70",CRATEUS,ENTREGUE,27/08/26,07:50:00,MASCILON,Transferido,Faturado,27/08/2026 07:50:24,,,,,,,,,,FELIPE,27/08/2026 09:05:49
3859,URGENTE,HC,126010163,"R$ 735,00",CRATEUS,ENTREGUE,27/08/26,08:01:00,MASCILON,Transferido,Faturado,27/08/2026 08:02:00,,,,,,,,,,FELIPE,27/08/2026 09:02:57
3860,URGENTE,NLC,8507417,"R$ 77,97",CRATEUS,ENTREGUE,27/08/26,08:03:00,GEISI,Transferido,Faturado,27/08/2026 09:09:01,,,,,,,,,,,
3861,URGENTE,NLC,8507418,"R$ 179,10",CRATEUS,ENTREGUE,27/08/26,08:13:00,GEISI,Transferido,Faturado,27/08/2026 09:09:07,,JULIO,,27/08/26,15:06,,,,HR 100 CV,,
3862,RETIRADA,HC,126010167,"R$ 264,04",CRATEUS,ENTREGUE,27/08/26,08:15:00,LEONARDO,Transferido,Faturado,27/08/2026 08:15:30,,JULIO,,27/08/26,15:06,,,,HR 100 CV,,
3863,NORMAL,HC,126010170,"R$ 919,00",IPAPORANGA,ENTREGUE,27/08/26,08:49:00,CAMILA,Transferido,Faturado,27/08/2026 08:50:12,,,,,,,,,,FELIPE,27/08/2026 09:01:34
3864,NORMAL,NLC,8507421,"R$ 390,00",CRATEUS,ENTREGUE,27/08/26,08:56:00,GEISI,Transferido,Faturado,27/08/2026 10:35:49,,,,,,,,,,,
3865,RETIRADA,HC,126010171,"R$ 48,90",CRATEUS,ENTREGUE,27/08/26,08:59:00,MASCILON,Transferido,Faturado,27/08/2026 08:59:54,,,,,,,,,,,
3866,NORMAL,HC,126010065,"R$ 209,48",CRATEUS,ENTREGUE,27/08/26,09:02:00,MIKHAELL,Transferido,Faturado,27/08/2026 09:02:35,,,,,,,,,,,
3867,RETIRADA,HC,126010172,"R$ 451,87",CRATEUS,ENTREGUE,27/08/26,09:15:00,LEONARDO,Transferido,Faturado,27/08/2026 09:18:41,,,,,,,,,,,
3868,CARRO HORARIO,HC,126010174,"R$ 458,00",IBIAPABA,ENTREGUE,27/08/26,09:21:00,CAMILA,Transferido,Faturado,27/08/2026 09:23:29,,,,,,,,,,FELIPE,27/08/2026 10:49:07
3869,URGENTE,HC,126010181,"R$ 247,74",CRATEUS,ENTREGUE,27/08/26,09:53:00,MASCILON,Transferido,Faturado,27/08/2026 09:53:25,,PAULO FELIPE,10:13:00,27/08/26,10:58,,,,TITAN 160 START,,
3870,RETIRADA,HC,126010184,"R$ 429,35",CRATEUS,ENTREGUE,27/08/26,10:03:00,LEONARDO,Transferido,Faturado,27/08/2026 10:03:59,,,,,,,,,,,
3871,RETIRADA,HC,126010183,"R$ 255,56",CRATEUS,ENTREGUE,27/08/26,10:01:00,MASCILON,Transferido,Faturado,27/08/2026 10:05:08,,,,,,,,,,,
3872,NORMAL,SGE,035786,"R$ 505,00",CRATEUS,ENTREGUE,27/08/26,10:13:00,THIAGO,Transferido,Faturado,27/08/2026 10:14:20,,,,,,,,,,,
3873,RETIRADA,HC,126010187,"R$ 29,80",CRATEUS,ENTREGUE,27/08/26,10:19:00,LEONARDO,Transferido,Faturado,27/08/2026 10:23:16,,,,,,,,,,,
3874,PROGRAMADO,NLC,8507416,"R$ 3.806,50",CRATEUS,ENTREGUE,27/08/26,11:16:00,GEISI,Transferido,Faturado,27/08/2026 11:16:31,,VICTOR,,02/09/26,09:47,,,,(N) ACELLO 815 156 CV,,
3875,NORMAL,HC,126010198,"R$ 59,75",CRATEUS,ENTREGUE,27/08/26,11:36:00,MASCILON,Transferido,Faturado,27/08/2026 11:36:48,,,,,,,,,,,
3876,NORMAL,HC,126010199,"R$ 811,50",CRATEUS,ENTREGUE,27/08/26,12:12:00,MIKHAELL,Transferido,Faturado,27/08/2026 12:12:42,,JULIO,,28/08/26,12:08,,,,KIA BONGO,JULIO CEZAR,31/08/2026 09:49:35
3877,NORMAL,HC,126010192,"R$ 228,00",CRATEUS,ENTREGUE,27/08/26,12:16:00,MASCILON,Transferido,Faturado,27/08/2026 12:16:25,,,,,,,,,,JULIO CEZAR,31/08/2026 09:49:12
3878,NORMAL,NLC,8507428,"R$ 183,00",CRATEUS,ENTREGUE,27/08/26,12:21:00,GEISI,Transferido,Faturado,27/08/2026 15:50:39,,,,,,,,,,,
3879,NORMAL,HC,126010211,"R$ 749,55",CRATEUS,ENTREGUE,27/08/26,13:19:00,CAMILA,Transferido,Faturado,27/08/2026 13:19:41,,,,,,,,,,JULIO CEZAR,31/08/2026 09:48:54
3880,NORMAL,HC,126010206,"R$ 476,90",CRATEUS,ENTREGUE,27/08/26,13:21:00,NOBRE LAR,Transferido,Faturado,27/08/2026 13:21:33,,,,,,,,,,,
3881,NORMAL,HC,126010205,"R$ 317,60",CRATEUS,ENTREGUE,27/08/26,13:21:00,NOBRE LAR,Transferido,Faturado,27/08/2026 13:22:11,,,,,,,,,,,
3882,NORMAL,HC,126010220,"R$ 217,25",INDEPENDENCIA,ENTREGUE,27/08/26,15:13:00,MIKHAELL,Transferido,Faturado,27/08/2026 15:17:14,,VICTOR,,28/08/26,12:56,,,,(N) ACELLO 815 156 CV,JULIO CEZAR,31/08/2026 09:48:39
3883,URGENTE,HC,126010214,"R$ 258,00",CRATEUS,ENTREGUE,27/08/26,15:19:00,LEONARDO,Transferido,Faturado,27/08/2026 15:45:11,,,,,,,,,,JULIO CEZAR,31/08/2026 09:47:21
3884,NORMAL,HC,126010221,"R$ 2.229,64",CRATEUS,ENTREGUE,27/08/26,15:46:00,LEONARDO,Transferido,Faturado,27/08/2026 15:49:59,,JULIO,,28/08/26,12:19,,,,KIA BONGO,JULIO CEZAR,31/08/2026 09:47:08
3885,RETIRADA,HC,126010225,"R$ 228,70",CRATEUS,ENTREGUE,27/08/26,16:09:00,CAMILA,Transferido,Faturado,27/08/2026 16:09:49,,,,,,,,,,JULIO CEZAR,31/08/2026 09:46:32
3886,NORMAL,NLC,8507423,"R$ 1.673,00",CRATEUS,ENTREGUE,27/08/26,16:19:00,GEISI,Transferido,Faturado,27/08/2026 16:19:53,,,,,,,,,,,
3887,NORMAL,HC,126010229,"R$ 654,81",CRATEUS,ENTREGUE,27/08/26,17:15:00,MASCILON,Transferido,Faturado,27/08/2026 17:15:23,,,,,,,,,,JULIO CEZAR,31/08/2026 09:46:50
3888,NORMAL,HC,126010234,"R$ 1.883,30",PORANGA,ENTREGUE,27/08/26,17:51:00,MASCILON,Transferido,Faturado,27/08/2026 17:51:43,,,,,,,,,,FELIPE,31/08/2026 09:28:03
3889,NORMAL,HC,126010237,"R$ 130,00",CRATEUS,ENTREGUE,27/08/26,07:42:00,LEONARDO,Transferido,Faturado,28/08/2026 07:46:03,,,,,,,,,,JULIO CEZAR,31/08/2026 09:50:27
3890,URGENTE,NLC,8507436,"R$ 604,44",CRATEUS,ENTREGUE,28/08/26,09:01:00,GEISI,Transferido,Faturado,28/08/2026 13:03:54,,,,,,,A RECEBER,,,,
3891,NORMAL,HC,126010247,"R$ 411,93",CRATEUS,ENTREGUE,28/08/26,09:23:00,MIKHAELL,Transferido,Faturado,28/08/2026 09:24:03,,,,,,,,,,,
3892,NORMAL,NLC,8507441,"R$ 1.788,02",SUCESSO,ENTREGUE,28/08/26,09:58:00,GEISI,Transferido,Faturado,28/08/2026 10:37:27,,VICTOR,,11/09/26,09:42,,,,(N) ACELLO 815 156 CV,,
3893,RETIRADA,HC,126010250,"R$ 221,40",CRATEUS,ENTREGUE,28/08/26,09:32:00,LEONARDO,Transferido,Faturado,28/08/2026 09:35:41,,,,,,,,,,,
3894,RETIRADA,HC,126010243,"R$ 908,00",BURITI DOS MONTES,ENTREGUE,28/08/26,10:16:00,LIMA,Transferido,Faturado,28/08/2026 10:16:25,,,,,,,,,,,
3895,NORMAL,HC,126010258,"R$ 26,32",CRATEUS,ENTREGUE,28/08/26,10:37:00,LIMA,Transferido,Faturado,28/08/2026 10:37:33,,,,,,,,,,JULIO CEZAR,01/09/2026 08:59:05
3896,NORMAL,HC,126010252,"R$ 2.000,00",BARRA DOS SIMIOES,PARCIAL,28/08/26,10:44:00,LEONARDO,Transferido,Faturado,28/08/2026 10:45:06,,FELIPE,,01/09/26,11:17,,,Argamassa na nota errada,KIA BONGO,JULIO CEZAR,01/09/2026 08:59:43
3897,RETIRADA,HC,126010260,"R$ 709,37",CRATEUS,ENTREGUE,28/0/26,"10,5",LIMA,Transferido,Faturado,28/08/2026 11:03:41,,,,,,,,,,,
3898,NORMAL,HC,126010263,"R$ 118,00",CRATEUS,ENTREGUE,28/08/26,11:14:00,MASCILON,Transferido,Faturado,28/08/2026 11:14:40,,,,,,,A RECEBER,,,JULIO CEZAR,01/09/2026 09:00:16
3899,NORMAL,HC,126010262,"R$ 2.189,94",CRATEUS,ENTREGUE,28/08/26,11:16:00,LEONARDO,Transferido,Faturado,28/08/2026 12:46:19,,JULIO,,29/08/26,09:50,,,,KIA BONGO,FELIPE,31/08/2026 09:26:54
3900,RETIRADA,HC,126010266,"R$ 66,00",CRATEUS,ENTREGUE,28/08/26,12:13:00,LIMA,Pendente,Pendente,,,,,,,,,,,,
3901,RETIRADA,HC,126010268,"R$ 21,50",CRATEUS,ENTREGUE,28/08/26,12:22:00,MASCILON,Transferido,Faturado,28/08/2026 12:41:32,,,,,,,,,,,
3902,NORMAL,HC,126010269,"R$ 2.620,20",CRATEUS,ENTREGUE,28/08/26,12:43:00,NOBRE LAR,Transferido,Faturado,28/08/2026 12:43:19,,,,,,,,,,,
3903,NORMAL,HC,126010267,"R$ 477,80",CRATEUS,ENTREGUE,28/08/26,13:08:00,MASCILON,Transferido,Faturado,28/08/2026 13:09:03,,PAULO FELIPE,12:15:00,31/08/26,12:34,,,,TITAN 160 START,FELIPE,31/08/2026 09:26:37
3904,CARRO HORARIO,HC,126010275,"R$ 310,00",CRATEUS,ENTREGUE,28/08/26,13:10:00,LIMA,Transferido,Faturado,28/08/2026 13:14:30,,,,,,,,,,FELIPE,31/08/2026 09:26:17
3905,NORMAL,HC,126010256,"R$ 3.490,50",CRATEUS,ENTREGUE,28/08/26,13:15:00,LEONARDO,Transferido,Faturado,28/08/2026 13:19:13,,,,,,,,,,FELIPE,31/08/2026 09:19:56
3906,NORMAL,HC,126010282,"R$ 318,25",CRATEUS,ENTREGUE,28/08/26,13:53:00,CAMILA,Transferido,Faturado,28/08/2026 13:57:27,,,,,,,,,,FELIPE,31/08/2026 09:27:25
3907,RETIRADA,HC,126010294,"R$ 148,88",CRATEUS,ENTREGUE,28/08/26,15:02:00,CAMILA,Transferido,Faturado,01/09/2026 08:56:20,,,,,,,,,,JULIO CEZAR,01/09/2026 08:56:11
3908,RETIRADA,HC,126010296,"R$ 321,30",CRATEUS,ENTREGUE,28/08/26,15:29:00,LEONARDO,Transferido,Faturado,28/08/2026 15:32:57,,,,,,,,,,,
3909,NORMAL,HC,126010298,"R$ 364,70",CRATEUS,ENTREGUE,28/08/26,15:33:00,CAMILA,Transferido,Faturado,28/08/2026 15:34:01,,,,,,,,,,FELIPE,31/08/2026 09:19:40
3910,NORMAL,HC,126010277,"R$ 1.233,65",CRATEUS,ENTREGUE,28/08/26,15:33:00,MASCILON,Transferido,Faturado,28/08/2026 15:36:53,,,,,,,,,,FELIPE,31/08/2026 09:19:30
3911,URGENTE,NLC,8507452,"R$ 497,80",CRATEUS,ENTREGUE,28/08/26,16:04:00,GEISI,Transferido,Faturado,29/08/2026 10:16:17,,,,,,,A RECEBER,,,,
3912,NORMAL,HC,126010305,"R$ 26,32",CRATEUS,ENTREGUE,28/08/26,16:44:00,MIKHAELL,Transferido,Faturado,28/08/2026 16:44:17,,,,,,,,,,FELIPE,31/08/2026 09:17:04
3913,RETIRADA,HC,126010315,"R$ 560,00",CRATEUS,ENTREGUE,29/08/26,07:43:00,LEONARDO,Transferido,Faturado,29/08/2026 07:46:34,,,,,,,,,,,
3914,URGENTE,HC,126010317,"R$ 290,00",CRATEUS,ENTREGUE,29/08/26,08:07:00,CAMILA,Transferido,Faturado,29/08/2026 08:10:43,,,,,,,,,,FELIPE,31/08/2026 09:17:59
3915,RETIRADA,HC,126010325,"R$ 188,00",CRATEUS,ENTREGUE,29/08/26,09:03:00,CAMILA,Transferido,Faturado,29/08/2026 09:08:58,,,,,,,,,,,
3916,URGENTE,NLC,8507457,"R$ 221,04",CRATEUS,ENTREGUE,29/08/26,09:09:00,GEISI,Transferido,Faturado,29/08/2026 09:36:16,,,,,,,,,,,
3917,RETIRADA,HC,126010327,"R$ 43,10",CRATEUS,ENTREGUE,29/08/26,09:24:00,LEONARDO,Transferido,Faturado,29/08/2026 09:27:43,,,,,,,,,,,
3918,NORMAL,NLC,8507459,"R$ 176,77",CRATEUS,ENTREGUE,29/08/26,09:32:00,GEISI,Transferido,Faturado,29/08/2026 10:15:59,,JULIO,,31/08/26,10:55,,,,KIA BONGO,,
3919,NORMAL,HC,126010329,"R$ 100,74",INDEPENDENCIA,ENTREGUE,29/08/26,09:49:00,LIMA,Transferido,Faturado,29/08/2026 09:53:04,,,,,,,,,,FELIPE,31/08/2026 09:19:03
3920,RETIRADA,HC,126010340,"R$ 134,18",CRATEUS,ENTREGUE,29/08/26,10:01,,Transferido,Faturado,29/08/2026 10:05:11,,,,,,,,,,,
3921,NORMAL,HC,126010342,"R$ 463,00",CRATEUS,ENTREGUE,29/08/26,10:14:00,CAMILA,Transferido,Faturado,29/08/2026 10:17:55,,,,,,,,,,FELIPE,31/08/2026 09:17:43
3922,NORMAL,HC,126010347,"R$ 2.379,64",NOVO ORIENTE,AGENDADA,29/08/26,10:38:00,MASCILON,Transferido,Faturado,29/08/2026 10:42:13,,,,,,,,,,,
3923,URGENTE,NLC,8507466,"R$ 138,60",CRATEUS,ENTREGUE,29/08/26,11:39:00,GEISI,Transferido,Faturado,29/08/2026 12:01:33,,,,,,,,,,,
3924,NORMAL,NLC,8507463,"R$ 3.780,00",PORANGA,ENTREGUE,29/08/26,11:41:00,GEISI,Transferido,Faturado,29/08/2026 12:00:20,,VICTOR,,03/09/26,13:43,,,,(N) ACELLO 815 156 CV,,
3925,NORMAL,HC,126010335,"R$ 2.312,92",ARARENDA,ENTREGUE,290826,09:31:00,MASCILON,Transferido,Faturado,31/08/2026 07:38:56,,,,,,,,,,FELIPE,31/08/2026 09:16:37
3926,NORMAL,HC,126010369,"R$ 1.242,90",CRATEUS,AGENDADA,29/08/26,11:48:00,MASCILON,Transferido,Faturado,31/08/2026 07:42:19,,,,,,,,,,FELIPE,31/08/2026 09:21:15
3927,PROGRAMADO,HC,126010359,"R$ 1.757,00",CRATEUS,ENTREGUE,29/08/26,11:23:00,LIMA,Transferido,Faturado,31/08/2026 07:44:29,,VICTOR,,09/09/26,13:06,,,,(N) ACELLO 815 156 CV,,
3928,RETIRADA,HC,126010387,"R$ 94,06",CRATEUS,ENTREGUE,31/08/26,07:55:00,LEONARDO,Transferido,Faturado,31/08/2026 08:07:19,,,,,,,,,,,
3929,RETIRADA,HC,126010390,"R$ 323,70",CRATEUS,ENTREGUE,31/08/26,07:58:00,CAMILA,Transferido,Faturado,31/08/2026 08:07:19,,,,,,,,,,,
3930,RETIRADA,HC,126010391,"R$ 900,00",CRATEUS,ENTREGUE,31/08/26,08:05:00,LIMA,Transferido,Faturado,31/08/2026 08:38:17,,,,,,,,,,,
3931,RETIRADA,HC,126010393,"R$ 591,80",CRATEUS,ENTREGUE,31/08/26,08:11:00,MASCILON,Transferido,Faturado,31/08/2026 08:15:19,,,,,,,,,,,
3932,URGENTE,HC,126010392,"R$ 327,40",CRATEUS,ENTREGUE,31/08/26,08:34:00,MIKHAELL,Transferido,Faturado,31/08/2026 08:38:11,,PAULO FELIPE,11:03:00,31/08/26,11:18,,,,TITAN 160 START,,
3933,NORMAL,HC,126010404,"R$ 4.151,00",CRATEUS,ENTREGUE,31/08/26,09:20:00,CAMILA,Transferido,Faturado,31/08/2026 09:23:57,,JULIO,,01/09/26,09:55,,,,KIA BONGO,JULIO CEZAR,31/08/2026 09:46:06
3934,RETIRADA,HC,126010412,"R$ 382,64",CRATEUS,ENTREGUE,31/08/26,09:38:00,MASCILON,Transferido,Faturado,31/08/2026 09:38:15,,,,,,,,,,,
3935,NORMAL,HC,126010114,"R$ 131,00",CRATEUS,ENTREGUE,31/08/26,09:55:00,LEONARDO,Transferido,Faturado,31/08/2026 09:55:19,,,,,,,,,,,
3936,NORMAL,HC,126010417,"R$ 413,79",CRATEUS,AGENDADA,31/08/26,09:58:00,MASCILON,Transferido,Faturado,31/08/2026 09:59:14,,,,,,,,,,JULIO CEZAR,01/09/2026 08:54:19
3937,NORMAL,HC,126010426,"R$ 50,37",CRATEUS,ENTREGUE,31/08/26,10:17:00,CAMILA,Transferido,Faturado,31/08/2026 10:18:05,,,,,,,,,,JULIO CEZAR,01/09/2026 08:54:10
3938,RETIRADA,HC,126010442,"R$ 99,98",CRATEUS,ENTREGUE,31/08/26,10:55,CAMILA,Transferido,Faturado,31/08/2026 10:59:15,,,,,,,,,,,
3939,NORMAL,HC,126010455,"R$ 3.752,00",CRATEUS,ENTREGUE,31/08/26,12:41:00,NOBRE LAR,Transferido,Faturado,31/08/2026 12:42:23,,,,,,,,,,JULIO CEZAR,01/09/2026 08:53:48
3940,RETIRADA,HC,126010468,"R$ 443,00",CRATEUS,ENTREGUE,31/08/26,14:38:00,CAMILA,Transferido,Faturado,31/08/2026 14:41:47,,,,,,,,,,,
3941,RETIRADA,NLC,8507474,"R$ 959,00",INDEPENDENCIA,ENTREGUE,31/08/26,14:41:00,GEISI,Transferido,Faturado,31/08/2026 15:16:04,,,,,,,,,,,
3942,NORMAL,NLC,8507477,"R$ 852,00",CRATEUS,ENTREGUE,31/08/26,15:16:00,GEISI,Transferido,Faturado,31/08/2026 15:16:42,,,,,,,,,,,
3943,URGENTE,HC,126010476,"R$ 210,00",CRATEUS,ENTREGUE,31/08/26,15:28:00,LEONARDO,Transferido,Faturado,31/08/2026 15:28:29,,,,,,,,,,JULIO CEZAR,01/09/2026 08:53:05
3944,URGENTE,NLC,8507478,"R$ 2.456,49",CRATEUS,ENTREGUE,31/08/26,13:37:00,GEISI,Transferido,Faturado,31/08/2026 16:18:13,,JULIO,,01/09/26,15:59,,,,KIA BONGO,,
3945,URGENTE,HC,126010475,"R$ 3.477,28",CRATEUS,ENTREGUE,31/08/26,15:50:00,LEONARDO,Transferido,Faturado,31/08/2026 15:50:54,,VICTOR,,01/09/26,14:01,,,,(N) ACELLO 815 156 CV,,
3946,RETIRADA,HC,126010483,"R$ 553,50",CRATEUS,ENTREGUE,31/08/26,16:31:00,LIMA,Transferido,Faturado,31/08/2026 16:31:20,,,,,,,,,,,
3947,NORMAL,HC,126010481,"R$ 453,00",CRATEUS,ENTREGUE,31/08/26,16:53:00,CAMILA,Transferido,Faturado,31/08/2026 16:53:12,,PAULO FELIPE,08:21:00,01/09/26,08:39,,,,TITAN 160 START,JULIO CEZAR,01/09/2026 08:52:45
3948,PROGRAMADO,NLC,8507479,"R$ 1.499,00",CRATEUS,PROGRAMADO,31/08/26,17:10:00,GEISI,Transferido,Faturado,01/09/2026 11:38:39,,,,,,,,,,,
3949,RETIRADA,HC,126010458,"R$ 1.977,00",CRATEUS,ENTREGUE,31/08/26,17:14:00,MASCILON,Transferido,Faturado,31/08/2026 17:14:39,,,,,,,,,,,
3950,NORMAL,HC,126010487,"R$ 499,70",CRATEUS,ENTREGUE,31/08/26,17:58:00,LEONARDO,Transferido,Faturado,31/08/2026 17:58:44,,JULIO,,01/09/26,11:00,,,,KIA BONGO,JULIO CEZAR,01/09/2026 08:52:29